Estado,Municipio,RiscoFogo,FRP
PARÁ,ANAPU,0.95,14.4
AMAPÁ,CALÇOENE,0.84,8.1
PARÁ,PACAJÁ,1.0,6.3
PARÁ,ACARÁ,0.25,11.9
PARÁ,NOVA ESPERANÇA DO PIRIÁ,0.9,121.8
PARÁ,ALMEIRIM,0.65,7.6
PARÁ,BAIÃO,0.95,67.6
PARÁ,CHAVES,0.75,16.6
PARÁ,ACARÁ,0.76,40.2
AMAPÁ,MAZAGÃO,0.8,16.8
PARÁ,ACARÁ,0.2,52.1
PARÁ,PORTO DE MOZ,0.66,43.0
PARÁ,CAMETÁ,0.86,14.6
PARÁ,PACAJÁ,0.81,104.3
PARÁ,PACAJÁ,1.0,6.3
PARÁ,PACAJÁ,0.77,49.2
PARÁ,PACAJÁ,0.97,18.9
AMAPÁ,MAZAGÃO,0.89,7.9
PARÁ,VISEU,0.92,114.8
PARÁ,BAIÃO,0.37,396.8
AMAZONAS,BOA VISTA DO RAMOS,0.34,47.5
MARANHÃO,CENTRO NOVO DO MARANHÃO,1.0,38.7
PARÁ,MOJU,0.54,10.9
PARÁ,RURÓPOLIS,0.97,52.0
PARÁ,IPIXUNA DO PARÁ,0.78,7.9
AMAZONAS,BOA VISTA DO RAMOS,0.34,41.8
PARÁ,GURUPÁ,0.38,9.6
PARÁ,PORTEL,0.59,9.7
PARÁ,MONTE ALEGRE,0.63,59.5
PARÁ,URUARÁ,0.97,31.7
PARÁ,OEIRAS DO PARÁ,0.24,22.2
PARÁ,PRAINHA,0.94,215.4
PARÁ,MOCAJUBA,0.27,11.9
PARÁ,ÓBIDOS,0.67,54.2
PARÁ,AVEIRO,0.51,36.4
PARÁ,ORIXIMINÁ,0.69,31.3
PARÁ,MARABÁ,1.0,7.4
AMAPÁ,VITÓRIA DO JARI,0.4,34.7
PARÁ,ANAPU,0.7,22.9
PARÁ,ABAETETUBA,0.05,10.9
PARÁ,NOVO REPARTIMENTO,1.0,13.4
MARANHÃO,ARAME,1.0,26.0
AMAPÁ,CALÇOENE,0.95,5.5
AMAPÁ,PRACUÚBA,0.83,10.5
PARÁ,NOVO REPARTIMENTO,1.0,70.3
PARÁ,PORTEL,0.09,10.4
PARÁ,TOMÉ-AÇU,0.89,35.1
PARÁ,RONDON DO PARÁ,0.56,8.0
MARANHÃO,TURILÂNDIA,1.0,14.9
PARÁ,SENADOR JOSÉ PORFÍRIO,0.94,6.8
PARÁ,CAMETÁ,0.78,10.1
PARÁ,NOVA ESPERANÇA DO PIRIÁ,0.9,165.6
AMAPÁ,MAZAGÃO,0.7,16.9
PARÁ,ORIXIMINÁ,0.2,206.7
PARÁ,RONDON DO PARÁ,0.59,9.8
PARÁ,PORTO DE MOZ,1.0,17.2
PARÁ,ALMEIRIM,0.66,21.4
PARÁ,IPIXUNA DO PARÁ,0.88,11.6
AMAPÁ,AMAPÁ,1.0,9.1
PARÁ,URUARÁ,1.0,23.9
PARÁ,SENADOR JOSÉ PORFÍRIO,0.95,50.6
PARÁ,URUARÁ,1.0,18.9
PARÁ,SENADOR JOSÉ PORFÍRIO,0.91,104.4
PARÁ,ITUPIRANGA,0.65,85.4
PARÁ,ALMEIRIM,0.55,12.1
PARÁ,MOJU,0.46,61.9
AMAZONAS,PARINTINS,0.28,22.5
MARANHÃO,SANTA LUZIA,0.96,49.5
PARÁ,NOVO REPARTIMENTO,1.0,9.6
PARÁ,RONDON DO PARÁ,0.66,8.2
PARÁ,NOVO REPARTIMENTO,0.96,5.8
PARÁ,RONDON DO PARÁ,0.74,9.7
PARÁ,PRAINHA,1.0,25.6
PARÁ,PORTEL,0.51,8.2
PARÁ,PACAJÁ,0.89,12.9
PARÁ,ULIANÓPOLIS,0.99,14.2
PARÁ,PACAJÁ,0.59,36.3
PARÁ,SENADOR JOSÉ PORFÍRIO,0.92,21.3
PARÁ,PACAJÁ,0.85,11.7
PARÁ,URUARÁ,1.0,29.8
PARÁ,GURUPÁ,0.1,9.1
PARÁ,TAILÂNDIA,0.72,95.7
PARÁ,BOM JESUS DO TOCANTINS,0.63,5.9
PARÁ,PRAINHA,1.0,304.4
PARÁ,BAIÃO,0.28,23.7
PARÁ,RURÓPOLIS,0.05,36.2
PARÁ,MONTE ALEGRE,0.62,23.4
PARÁ,PRAINHA,0.97,482.4
PARÁ,PRAINHA,0.97,1277.8
PARÁ,PACAJÁ,0.9,11.1
PARÁ,CURUÁ,0.6,189.2
AMAZONAS,PARINTINS,0.52,26.9
PARÁ,MARABÁ,1.0,18.9
PARÁ,URUARÁ,1.0,10.3
PARÁ,PRAINHA,0.95,12.5
PARÁ,ÓBIDOS,0.82,28.4
PARÁ,PRAINHA,0.99,12.5
PARÁ,GOIANÉSIA DO PARÁ,1.0,31.2
PARÁ,NOVO REPARTIMENTO,0.34,16.4
PARÁ,PRAINHA,0.96,159.5
PARÁ,ANAPU,0.84,15.3
PARÁ,CAMETÁ,0.22,13.6
AMAPÁ,OIAPOQUE,0.15,5.4
PARÁ,IGARAPÉ-MIRI,0.15,15.0
PARÁ,PACAJÁ,0.9,7.7
PARÁ,BAIÃO,0.81,32.5
MARANHÃO,SÃO FRANCISCO DO BREJÃO,0.85,14.1
PARÁ,PLACAS,0.81,42.0
RORAIMA,CAROEBE,0.73,82.5
PARÁ,MOJU,0.0,74.5
PARÁ,SENADOR JOSÉ PORFÍRIO,0.95,12.9
PARÁ,BOM JESUS DO TOCANTINS,0.91,5.9
AMAPÁ,MAZAGÃO,0.85,16.7
PARÁ,MELGAÇO,0.17,52.7
PARÁ,RONDON DO PARÁ,1.0,10.8
MARANHÃO,BOM JESUS DAS SELVAS,0.83,104.9
AMAPÁ,VITÓRIA DO JARI,0.29,6.2
PARÁ,ORIXIMINÁ,0.53,40.3
PARÁ,PRAINHA,1.0,2539.0
PARÁ,ITUPIRANGA,1.0,6.0
MARANHÃO,CIDELÂNDIA,0.24,16.9
MARANHÃO,SANTA LUZIA,0.97,29.2
PARÁ,IPIXUNA DO PARÁ,0.98,10.1
MARANHÃO,BREJO DE AREIA,1.0,114.4
MARANHÃO,SANTA LUZIA,0.94,12.0
MARANHÃO,GOVERNADOR NUNES FREIRE,1.0,24.9
PARÁ,URUARÁ,1.0,33.7
PARÁ,BRASIL NOVO,0.96,12.7
PARÁ,PORTEL,0.86,5.5
PARÁ,PLACAS,0.87,28.5
PARÁ,NOVA IPIXUNA,0.86,8.2
MARANHÃO,BOA VISTA DO GURUPI,1.0,49.2
PARÁ,MOJU,0.17,7.4
MARANHÃO,ARAME,0.94,22.0
PARÁ,PORTEL,0.78,7.0
PARÁ,NOVO REPARTIMENTO,1.0,9.4
PARÁ,RURÓPOLIS,0.05,26.6
AMAZONAS,NHAMUNDÁ,0.49,62.7
PARÁ,TUCURUÍ,0.4,6.4
MARANHÃO,BURITICUPU,0.94,49.0
PARÁ,NOVO REPARTIMENTO,0.0,57.7
PARÁ,NOVO REPARTIMENTO,0.93,15.4
PARÁ,BAIÃO,0.79,22.9
PARÁ,RONDON DO PARÁ,0.84,19.0
PARÁ,TOMÉ-AÇU,0.78,22.6
PARÁ,PACAJÁ,0.95,7.6
PARÁ,SENADOR JOSÉ PORFÍRIO,0.92,9.5
PARÁ,MARABÁ,1.0,9.9
PARÁ,NOVO REPARTIMENTO,1.0,53.6
PARÁ,PORTEL,0.79,19.5
PARÁ,PACAJÁ,0.75,13.8
AMAPÁ,MAZAGÃO,0.7,40.7
MARANHÃO,MARACAÇUMÉ,1.0,18.1
PARÁ,PRAINHA,1.0,331.5
RORAIMA,CAROEBE,0.56,102.2
PARÁ,PRAINHA,0.98,273.6
MARANHÃO,MARANHÃOZINHO,1.0,42.4
PARÁ,GURUPÁ,0.11,29.5
AMAPÁ,PRACUÚBA,0.83,8.6
PARÁ,SÃO FÉLIX DO XINGU,0.99,186.7
PARÁ,ALENQUER,0.59,22.8
PARÁ,ANAPU,0.86,7.1
PARÁ,TOMÉ-AÇU,0.88,9.3
PARÁ,ÓBIDOS,0.61,22.4
PARÁ,MOJUÍ DOS CAMPOS,0.92,95.2
PARÁ,PRAINHA,1.0,15.6
PARÁ,NOVO REPARTIMENTO,0.89,9.4
PARÁ,BRASIL NOVO,1.0,22.6
PARÁ,MOJU,0.41,27.2
PARÁ,TAILÂNDIA,0.56,56.6
PARÁ,ANAPU,0.52,8.6
PARÁ,ÓBIDOS,0.76,28.0
PARÁ,GOIANÉSIA DO PARÁ,1.0,6.9
PARÁ,RONDON DO PARÁ,0.85,22.3
PARÁ,DOM ELISEU,0.76,6.4
PARÁ,PARAGOMINAS,1.0,10.5
PARÁ,SENADOR JOSÉ PORFÍRIO,0.94,31.9
PARÁ,MOJU,0.19,11.3
MARANHÃO,CENTRO NOVO DO MARANHÃO,0.98,32.0
PARÁ,ÓBIDOS,0.62,13.1
PARÁ,PRAINHA,1.0,34.7
PARÁ,CAMETÁ,0.74,10.9
MARANHÃO,TURIAÇU,1.0,28.1
PARÁ,MEDICILÂNDIA,1.0,36.9
AMAPÁ,PRACUÚBA,1.0,7.0
PARÁ,NOVO REPARTIMENTO,0.96,10.2
PARÁ,BREU BRANCO,0.4,32.2
PARÁ,PRAINHA,1.0,155.6
PARÁ,SENADOR JOSÉ PORFÍRIO,0.33,49.3
PARÁ,ORIXIMINÁ,0.74,24.6
PARÁ,BAGRE,0.69,17.1
PARÁ,PRAINHA,1.0,3079.7
PARÁ,BAIÃO,0.85,8.9
PARÁ,PACAJÁ,0.87,29.8
PARÁ,GURUPÁ,0.33,14.8
AMAPÁ,MAZAGÃO,0.91,10.9
PARÁ,ANAPU,0.92,12.5
MARANHÃO,ARARI,1.0,17.0
PARÁ,SENADOR JOSÉ PORFÍRIO,0.98,6.3
PARÁ,BAIÃO,0.37,47.9
AMAPÁ,VITÓRIA DO JARI,0.48,14.8
PARÁ,MELGAÇO,0.18,5.3
AMAPÁ,VITÓRIA DO JARI,0.29,7.2
PARÁ,PORTEL,0.48,5.8
MARANHÃO,LUÍS DOMINGUES,0.97,19.8
PARÁ,DOM ELISEU,0.81,10.6
PARÁ,TAILÂNDIA,0.78,9.5
MARANHÃO,BOA VISTA DO GURUPI,1.0,10.7
AMAPÁ,MAZAGÃO,0.12,7.6
PARÁ,NOVA ESPERANÇA DO PIRIÁ,0.89,22.0
AMAPÁ,MAZAGÃO,0.56,10.9
PARÁ,NOVO REPARTIMENTO,0.85,15.1
PARÁ,PACAJÁ,0.86,8.3
PARÁ,IPIXUNA DO PARÁ,0.95,7.7
PARÁ,ITUPIRANGA,1.0,13.8
PARÁ,BAIÃO,0.49,14.8
PARÁ,NOVO REPARTIMENTO,0.96,6.3
PARÁ,MOJU,0.53,19.8
PARÁ,PLACAS,0.96,14.9
PARÁ,RURÓPOLIS,0.41,138.2
RORAIMA,NORMANDIA,1.0,79.1
PARÁ,URUARÁ,0.98,37.4
PARÁ,OEIRAS DO PARÁ,0.37,10.1
AMAPÁ,PRACUÚBA,0.77,25.9
PARÁ,VISEU,0.93,29.1
PARÁ,NOVO REPARTIMENTO,0.01,16.0
PARÁ,MOJU,1.0,11.9
AMAPÁ,MAZAGÃO,0.69,7.2
PARÁ,PACAJÁ,0.92,12.9
PARÁ,TOMÉ-AÇU,0.41,9.7
AMAPÁ,VITÓRIA DO JARI,0.82,16.2
PARÁ,PACAJÁ,0.85,27.5
MARANHÃO,BREJO DE AREIA,0.98,21.1
PARÁ,PORTEL,0.65,8.1
PARÁ,IGARAPÉ-MIRI,0.06,10.5
PARÁ,NOVA ESPERANÇA DO PIRIÁ,0.96,9.0
MARANHÃO,SATUBINHA,1.0,14.3
PARÁ,PORTEL,0.94,9.1
PARÁ,MOCAJUBA,0.25,11.0
PARÁ,MARABÁ,0.99,9.9
PARÁ,MARACANÃ,0.91,14.0
PARÁ,PRAINHA,1.0,17.4
PARÁ,BOM JESUS DO TOCANTINS,0.63,6.8
PARÁ,ANAPU,0.68,25.8
PARÁ,URUARÁ,1.0,14.6
MARANHÃO,BURITICUPU,0.97,46.1
PARÁ,MARABÁ,1.0,15.9
AMAPÁ,OIAPOQUE,1.0,10.0
PARÁ,ÓBIDOS,0.67,68.9
PARÁ,SANTARÉM,1.0,64.5
PARÁ,URUARÁ,1.0,28.0
PARÁ,ANAPU,0.65,9.8
AMAPÁ,MAZAGÃO,0.38,7.6
PARÁ,NOVO REPARTIMENTO,1.0,7.5
PARÁ,VISEU,0.98,68.0
PARÁ,ALENQUER,0.86,194.7
PARÁ,SÃO FÉLIX DO XINGU,0.19,15.1
MARANHÃO,GOVERNADOR NUNES FREIRE,1.0,33.6
PARÁ,SENADOR JOSÉ PORFÍRIO,0.93,50.0
AMAZONAS,NHAMUNDÁ,0.23,30.1
PARÁ,NOVO REPARTIMENTO,0.12,9.1
PARÁ,PRAINHA,0.98,963.9
RORAIMA,BONFIM,1.0,69.6
MARANHÃO,ITINGA DO MARANHÃO,0.88,12.0
MARANHÃO,PINHEIRO,1.0,16.3
PARÁ,MEDICILÂNDIA,0.92,91.8
PARÁ,PACAJÁ,0.62,41.3
PARÁ,SANTARÉM,1.0,14.5
PARÁ,NOVO REPARTIMENTO,1.0,9.9
PARÁ,SENADOR JOSÉ PORFÍRIO,0.54,15.2
PARÁ,PACAJÁ,0.85,12.8
MARANHÃO,ALTO ALEGRE DO PINDARÉ,1.0,20.1
PARÁ,MARABÁ,0.67,8.6
MARANHÃO,BOM JESUS DAS SELVAS,0.99,41.7
PARÁ,TOMÉ-AÇU,1.0,25.5
PARÁ,MARABÁ,0.78,6.7
PARÁ,NOVO REPARTIMENTO,0.89,8.6
PARÁ,SANTARÉM,1.0,52.7
PARÁ,JURUTI,0.64,30.8
PARÁ,RONDON DO PARÁ,0.84,34.3
PARÁ,BAIÃO,0.44,8.2
PARÁ,PACAJÁ,0.85,49.5
PARÁ,NOVO REPARTIMENTO,1.0,19.4
PARÁ,ABAETETUBA,0.06,5.5
PARÁ,SENADOR JOSÉ PORFÍRIO,0.87,110.0
PARÁ,ORIXIMINÁ,0.2,156.2
PARÁ,ORIXIMINÁ,1.0,25.3
PARÁ,BOM JESUS DO TOCANTINS,0.33,69.9
AMAZONAS,NHAMUNDÁ,0.52,22.4
PARÁ,TOMÉ-AÇU,0.91,9.1
PARÁ,BAIÃO,0.49,14.9
PARÁ,PACAJÁ,0.58,76.2
MARANHÃO,BOM JESUS DAS SELVAS,1.0,74.1
PARÁ,PACAJÁ,0.59,50.1
MARANHÃO,CIDELÂNDIA,1.0,14.6
MARANHÃO,VITÓRIA DO MEARIM,1.0,19.4
PARÁ,PACAJÁ,0.98,8.9
PARÁ,SÃO DOMINGOS DO CAPIM,0.76,16.1
PARÁ,ULIANÓPOLIS,1.0,9.1
PARÁ,MEDICILÂNDIA,0.93,13.8
PARÁ,ALENQUER,0.61,12.8
PARÁ,MOJU,0.29,22.8
MARANHÃO,MARANHÃOZINHO,1.0,14.1
PARÁ,PACAJÁ,0.79,11.4
PARÁ,TOMÉ-AÇU,0.97,12.1
PARÁ,PORTEL,0.49,14.1
PARÁ,PRAINHA,0.98,242.5
PARÁ,PRAINHA,1.0,12.6
PARÁ,GURUPÁ,0.29,29.6
PARÁ,ANAPU,0.86,13.7
PARÁ,ACARÁ,0.54,7.6
PARÁ,PRAINHA,0.94,159.5
RORAIMA,CAROEBE,0.61,55.2
PARÁ,PORTEL,0.53,6.3
PARÁ,SÃO FÉLIX DO XINGU,1.0,11.2
PARÁ,MOJU,0.29,65.4
PARÁ,SANTARÉM,1.0,21.0
PARÁ,TOMÉ-AÇU,0.94,16.9
PARÁ,MONTE ALEGRE,0.75,13.7
MARANHÃO,SANTA LUZIA,0.83,386.9
PARÁ,ÓBIDOS,0.74,33.3
PARÁ,PACAJÁ,0.76,138.5
PARÁ,PRAINHA,0.93,11.5
MARANHÃO,ARARI,1.0,114.6
PARÁ,PACAJÁ,0.64,7.0
PARÁ,URUARÁ,1.0,32.9
AMAPÁ,MAZAGÃO,0.72,15.0
MARANHÃO,BURITICUPU,1.0,50.3
PARÁ,ANAPU,0.85,15.3
PARÁ,PACAJÁ,0.94,16.6
PARÁ,PACAJÁ,0.91,9.0
AMAZONAS,NHAMUNDÁ,0.49,45.4
AMAPÁ,MAZAGÃO,0.56,16.2
PARÁ,AVEIRO,0.51,47.6
PARÁ,PACAJÁ,0.86,12.9
PARÁ,RURÓPOLIS,0.45,15.7
PARÁ,BREU BRANCO,1.0,63.0
PARÁ,RONDON DO PARÁ,0.72,10.4
AMAZONAS,BOA VISTA DO RAMOS,0.33,28.5
PARÁ,MEDICILÂNDIA,1.0,97.9
PARÁ,OEIRAS DO PARÁ,0.56,53.2
MARANHÃO,BOM JARDIM,0.8,16.7
PARÁ,BREU BRANCO,0.49,5.2
PARÁ,RONDON DO PARÁ,0.99,90.3
PARÁ,MEDICILÂNDIA,1.0,14.1
MARANHÃO,BOM JARDIM,0.92,13.1
PARÁ,GOIANÉSIA DO PARÁ,0.9,13.0
PARÁ,GOIANÉSIA DO PARÁ,0.71,8.3
PARÁ,VISEU,0.94,92.0
PARÁ,CHAVES,0.77,32.8
PARÁ,PLACAS,0.72,21.6
PARÁ,ORIXIMINÁ,1.0,121.9
PARÁ,PRAINHA,0.97,2392.4
PARÁ,MEDICILÂNDIA,0.93,94.8
PARÁ,PLACAS,0.9,16.5
PARÁ,BUJARU,0.59,41.0
PARÁ,ÓBIDOS,0.66,63.2
PARÁ,PORTEL,0.92,16.4
PARÁ,OEIRAS DO PARÁ,0.88,70.8
PARÁ,TUCURUÍ,0.38,10.2
PARÁ,PRAINHA,1.0,19.1
PARÁ,BREU BRANCO,0.44,28.2
MARANHÃO,SANTA LUZIA DO PARUÁ,1.0,19.1
PARÁ,ORIXIMINÁ,0.19,84.8
MARANHÃO,TURILÂNDIA,1.0,36.5
PARÁ,BREU BRANCO,0.41,13.0
PARÁ,URUARÁ,1.0,32.0
MARANHÃO,CENTRO NOVO DO MARANHÃO,0.86,18.9
PARÁ,NOVO REPARTIMENTO,0.92,26.4
PARÁ,MONTE ALEGRE,0.64,93.6
PARÁ,PRAINHA,0.96,1113.3
AMAPÁ,MAZAGÃO,0.82,19.7
PARÁ,PRAINHA,1.0,16.5
PARÁ,TAILÂNDIA,0.64,8.0
PARÁ,TERRA ALTA,0.89,12.7
PARÁ,ALENQUER,0.51,262.8
AMAPÁ,VITÓRIA DO JARI,0.29,7.1
PARÁ,PACAJÁ,0.59,31.7
PARÁ,PORTEL,0.71,5.6
PARÁ,PACAJÁ,0.71,7.3
PARÁ,RURÓPOLIS,0.2,40.4
PARÁ,PACAJÁ,0.91,5.6
MARANHÃO,SANTA LUZIA,1.0,19.4
PARÁ,PACAJÁ,0.86,8.3
PARÁ,PORTO DE MOZ,0.85,15.5
PARÁ,ALENQUER,0.52,67.7
MARANHÃO,SATUBINHA,1.0,41.4
PARÁ,ÓBIDOS,1.0,25.0
AMAPÁ,CALÇOENE,0.59,13.7
PARÁ,MOJUÍ DOS CAMPOS,0.92,18.2
PARÁ,CURUÇÁ,0.92,7.7
RORAIMA,NORMANDIA,1.0,47.0
PARÁ,PACAJÁ,0.97,9.6
PARÁ,PRAINHA,0.85,9.0
PARÁ,ACARÁ,0.63,11.4
PARÁ,ITUPIRANGA,0.96,9.3
PARÁ,PACAJÁ,0.98,13.2
MARANHÃO,MONÇÃO,1.0,12.5
PARÁ,RONDON DO PARÁ,0.31,5.8
PARÁ,BREU BRANCO,1.0,10.0
PARÁ,URUARÁ,1.0,23.2
PARÁ,ALENQUER,0.6,357.6
PARÁ,SENADOR JOSÉ PORFÍRIO,0.95,14.8
PARÁ,MONTE ALEGRE,0.63,22.6
MARANHÃO,ARARI,1.0,65.2
PARÁ,CURUÇÁ,0.95,16.5
PARÁ,SÃO FÉLIX DO XINGU,0.66,13.2
PARÁ,ITUPIRANGA,0.62,6.6
PARÁ,PACAJÁ,0.94,11.5
PARÁ,IPIXUNA DO PARÁ,0.87,9.0
MARANHÃO,GOVERNADOR NUNES FREIRE,1.0,79.6
PARÁ,BREU BRANCO,0.58,5.3
PARÁ,OEIRAS DO PARÁ,0.33,4.8
MARANHÃO,BOM JARDIM,1.0,16.8
PARÁ,PACAJÁ,0.97,11.4
PARÁ,PORTEL,0.43,20.3
PARÁ,BAIÃO,0.32,6.8
PARÁ,MOJU,0.3,12.6
AMAPÁ,AMAPÁ,1.0,7.4
PARÁ,NOVO REPARTIMENTO,0.84,27.1
PARÁ,ALMEIRIM,0.87,10.7
MARANHÃO,SANTA LUZIA,1.0,34.5
MARANHÃO,BOM JESUS DAS SELVAS,0.83,170.3
PARÁ,ITUPIRANGA,1.0,10.3
PARÁ,ALENQUER,0.49,30.0
PARÁ,CHAVES,0.78,9.3
PARÁ,PRAINHA,0.94,53.2
MARANHÃO,BURITICUPU,0.97,47.3
PARÁ,SÃO FÉLIX DO XINGU,0.55,10.0
MARANHÃO,BOM JARDIM,0.89,36.8
MARANHÃO,BOM JARDIM,0.82,11.2
MARANHÃO,CENTRO NOVO DO MARANHÃO,1.0,58.6
PARÁ,TAILÂNDIA,0.62,13.3
PARÁ,IPIXUNA DO PARÁ,0.86,10.8
PARÁ,ANAPU,0.8,11.5
MARANHÃO,SANTA LUZIA,1.0,18.3
PARÁ,NOVO REPARTIMENTO,0.01,9.2
PARÁ,NOVO REPARTIMENTO,1.0,10.6
AMAPÁ,VITÓRIA DO JARI,0.64,12.8
PARÁ,PACAJÁ,1.0,7.2
PARÁ,ALTAMIRA,0.98,15.1
AMAZONAS,BOA VISTA DO RAMOS,0.34,35.2
PARÁ,RONDON DO PARÁ,0.77,21.4
MARANHÃO,CIDELÂNDIA,0.25,13.9
PARÁ,NOVO REPARTIMENTO,0.87,23.7
PARÁ,ACARÁ,1.0,6.2
PARÁ,URUARÁ,1.0,19.4
PARÁ,PARAGOMINAS,0.92,8.7
PARÁ,ITUPIRANGA,1.0,101.8
MARANHÃO,SÃO BENTO,1.0,24.3
PARÁ,MELGAÇO,0.88,12.4
PARÁ,RONDON DO PARÁ,0.78,48.8
PARÁ,MOCAJUBA,0.25,16.4
AMAZONAS,BARREIRINHA,0.35,58.3
PARÁ,PORTEL,0.51,9.9
MARANHÃO,SANTA LUZIA DO PARUÁ,1.0,20.6
PARÁ,PORTEL,0.55,11.5
MARANHÃO,ALTO ALEGRE DO PINDARÉ,1.0,57.5
PARÁ,ITUPIRANGA,0.95,24.3
AMAPÁ,MAZAGÃO,0.57,16.9
PARÁ,PACAJÁ,1.0,17.2
PARÁ,NOVO REPARTIMENTO,0.01,15.1
PARÁ,PORTEL,0.65,11.2
PARÁ,PRAINHA,1.0,24.5
PARÁ,PRAINHA,1.0,40.2
PARÁ,ALENQUER,0.63,11.0
MARANHÃO,CIDELÂNDIA,0.3,7.6
RORAIMA,BONFIM,1.0,37.5
RORAIMA,SÃO LUIZ,0.53,45.8
PARÁ,DOM ELISEU,1.0,7.5
MARANHÃO,SANTA LUZIA,0.98,27.7
MARANHÃO,SATUBINHA,1.0,11.8
MARANHÃO,CÂNDIDO MENDES,1.0,19.3
PARÁ,MEDICILÂNDIA,1.0,38.0
PARÁ,ÓBIDOS,0.99,18.0
PARÁ,PORTO DE MOZ,1.0,14.2
AMAPÁ,CALÇOENE,0.96,10.0
PARÁ,PRAINHA,-999.0,17.1
AMAPÁ,VITÓRIA DO JARI,0.25,22.9
MARANHÃO,BOM JARDIM,0.96,10.0
PARÁ,NOVO REPARTIMENTO,0.91,8.0
PARÁ,PORTEL,0.6,18.2
PARÁ,ANAPU,0.74,20.3
PARÁ,TAILÂNDIA,0.48,47.2
MARANHÃO,BOM JESUS DAS SELVAS,0.93,12.4
PARÁ,PACAJÁ,0.88,18.8
MARANHÃO,PAULO RAMOS,1.0,12.2
PARÁ,VISEU,0.97,58.6
PARÁ,GURUPÁ,0.31,16.8
PARÁ,BOM JESUS DO TOCANTINS,0.66,58.0
PARÁ,MOJU,0.0,36.0
PARÁ,NOVO REPARTIMENTO,0.41,23.7
PARÁ,TOMÉ-AÇU,0.97,21.6
PARÁ,PRAINHA,0.94,49.7
PARÁ,IPIXUNA DO PARÁ,0.99,11.9
PARÁ,PACAJÁ,0.81,8.5
PARÁ,OEIRAS DO PARÁ,0.27,23.4
MARANHÃO,MARANHÃOZINHO,1.0,17.2
PARÁ,RONDON DO PARÁ,0.94,30.4
PARÁ,TOMÉ-AÇU,0.92,8.9
PARÁ,ORIXIMINÁ,0.6,6.4
PARÁ,PORTEL,0.65,12.1
PARÁ,CAMETÁ,0.33,21.7
PARÁ,NOVO REPARTIMENTO,0.23,10.0
MARANHÃO,BOM JESUS DAS SELVAS,0.91,6.3
MARANHÃO,CENTRO NOVO DO MARANHÃO,0.83,68.9
MARANHÃO,BREJO DE AREIA,1.0,21.0
MARANHÃO,BOM JARDIM,0.93,12.7
PARÁ,PACAJÁ,0.86,9.1
PARÁ,ÓBIDOS,0.6,210.6
PARÁ,ITUPIRANGA,0.66,16.0
MARANHÃO,SÃO JOÃO BATISTA,1.0,20.5
PARÁ,CURUÁ,0.87,16.7
PARÁ,ANAPU,0.73,10.6
PARÁ,RONDON DO PARÁ,0.43,13.7
PARÁ,SENADOR JOSÉ PORFÍRIO,0.99,11.8
PARÁ,PLACAS,0.91,49.6
PARÁ,OEIRAS DO PARÁ,0.33,5.5
PARÁ,ALMEIRIM,0.87,44.9
PARÁ,PORTEL,0.59,8.4
PARÁ,JURUTI,0.64,23.3
MARANHÃO,BOM JARDIM,0.92,13.4
PARÁ,TAILÂNDIA,0.51,10.5
MARANHÃO,PAULO RAMOS,0.96,22.4
PARÁ,JURUTI,0.65,29.7
PARÁ,PRAINHA,1.0,92.4
MARANHÃO,BOM JARDIM,0.81,12.7
PARÁ,PORTEL,0.55,11.1
PARÁ,PACAJÁ,0.91,7.7
PARÁ,PORTEL,0.6,14.4
PARÁ,ORIXIMINÁ,0.42,32.5
PARÁ,SENADOR JOSÉ PORFÍRIO,0.94,11.5
PARÁ,PORTEL,0.49,6.4
PARÁ,PRAINHA,0.96,286.9
PARÁ,PRAINHA,0.94,21.7
PARÁ,DOM ELISEU,0.68,6.9
PARÁ,MOJU,0.36,26.8
PARÁ,MOJU,0.33,10.2
PARÁ,PRAINHA,0.93,36.0
MARANHÃO,TURILÂNDIA,1.0,18.0
PARÁ,PORTEL,0.67,10.4
PARÁ,ÓBIDOS,0.8,177.6
PARÁ,MOJU,0.32,17.9
PARÁ,SANTARÉM,1.0,39.4
PARÁ,PRAINHA,1.0,3177.0
PARÁ,RONDON DO PARÁ,0.51,7.9
PARÁ,MEDICILÂNDIA,1.0,43.6
PARÁ,SÃO FÉLIX DO XINGU,0.17,18.4
PARÁ,SÃO FÉLIX DO XINGU,0.57,7.8
PARÁ,MOJUÍ DOS CAMPOS,0.98,39.3
PARÁ,SENADOR JOSÉ PORFÍRIO,0.93,21.4
RORAIMA,BONFIM,1.0,32.7
PARÁ,NOVO REPARTIMENTO,0.86,106.2
PARÁ,OEIRAS DO PARÁ,0.28,18.0
PARÁ,MOJU,0.48,6.0
PARÁ,PRAINHA,1.0,19.8
PARÁ,NOVO REPARTIMENTO,0.9,9.2
PARÁ,PACAJÁ,0.94,6.0
PARÁ,PACAJÁ,0.62,39.9
PARÁ,SÃO DOMINGOS DO CAPIM,0.6,12.3
PARÁ,SENADOR JOSÉ PORFÍRIO,0.9,17.5
PARÁ,PORTEL,0.94,11.3
PARÁ,PRAINHA,1.0,104.2
MARANHÃO,CIDELÂNDIA,0.25,32.5
MARANHÃO,CÂNDIDO MENDES,1.0,15.5
MARANHÃO,BOM JARDIM,0.91,7.2
MARANHÃO,GOVERNADOR NUNES FREIRE,0.99,25.1
PARÁ,CAMETÁ,0.33,11.3
PARÁ,PRAINHA,1.0,46.8
PARÁ,OEIRAS DO PARÁ,0.36,8.2
AMAPÁ,PRACUÚBA,0.86,12.4
PARÁ,NOVO REPARTIMENTO,0.84,11.4
PARÁ,GURUPÁ,0.27,11.6
PARÁ,ÓBIDOS,0.85,41.8
PARÁ,ORIXIMINÁ,0.95,120.5
PARÁ,PACAJÁ,0.58,86.0
PARÁ,ANAPU,0.87,10.8
PARÁ,PARAGOMINAS,1.0,16.7
PARÁ,SANTARÉM,0.89,33.7
PARÁ,PORTEL,0.51,31.1
PARÁ,PORTEL,0.58,5.9
AMAPÁ,PRACUÚBA,0.62,9.3
AMAPÁ,MAZAGÃO,0.64,6.5
PARÁ,ITUPIRANGA,1.0,28.4
PARÁ,NOVA ESPERANÇA DO PIRIÁ,0.89,14.5
PARÁ,TAILÂNDIA,0.72,10.4
AMAZONAS,SÃO SEBASTIÃO DO UATUMÃ,0.31,34.6
PARÁ,GURUPÁ,0.01,5.9
AMAZONAS,NHAMUNDÁ,0.52,56.3
PARÁ,PACAJÁ,0.93,59.1
PARÁ,PRAINHA,1.0,134.8
PARÁ,ALMEIRIM,0.9,10.1
PARÁ,PRAINHA,1.0,387.0
PARÁ,GOIANÉSIA DO PARÁ,0.79,15.0
PARÁ,PACAJÁ,0.87,12.1
PARÁ,PRAINHA,1.0,1461.5
PARÁ,NOVO REPARTIMENTO,0.95,17.6
PARÁ,NOVO REPARTIMENTO,0.97,31.0
AMAPÁ,AMAPÁ,0.96,12.3
MARANHÃO,CIDELÂNDIA,0.25,26.4
PARÁ,ORIXIMINÁ,0.19,133.5
AMAPÁ,AMAPÁ,1.0,15.2
PARÁ,ÓBIDOS,0.79,60.1
PARÁ,MEDICILÂNDIA,0.98,18.9
AMAPÁ,VITÓRIA DO JARI,1.0,23.4
PARÁ,MOJU,0.48,9.3
AMAPÁ,MAZAGÃO,0.7,13.8
AMAZONAS,SÃO SEBASTIÃO DO UATUMÃ,0.31,28.3
PARÁ,TOMÉ-AÇU,0.86,8.3
PARÁ,SANTARÉM,1.0,47.7
MARANHÃO,VITÓRIA DO MEARIM,1.0,17.2
PARÁ,OEIRAS DO PARÁ,0.75,41.9
PARÁ,NOVO REPARTIMENTO,1.0,18.4
PARÁ,MOJU,0.52,6.7
MARANHÃO,SÃO PEDRO DA ÁGUA BRANCA,1.0,27.7
PARÁ,GURUPÁ,0.79,14.2
PARÁ,OEIRAS DO PARÁ,0.38,6.5
PARÁ,PORTO DE MOZ,1.0,37.5
AMAPÁ,MAZAGÃO,0.35,13.8
AMAPÁ,PRACUÚBA,0.95,54.6
PARÁ,IPIXUNA DO PARÁ,0.97,10.7
PARÁ,RURÓPOLIS,0.51,20.5
PARÁ,JURUTI,0.65,48.6
PARÁ,PRAINHA,0.94,20.2
PARÁ,MELGAÇO,0.35,6.7
PARÁ,MELGAÇO,0.17,9.1
PARÁ,ANAPU,0.84,12.5
PARÁ,BREU BRANCO,0.64,20.4
AMAPÁ,VITÓRIA DO JARI,0.37,12.2
PARÁ,ACARÁ,1.0,8.2
PARÁ,PORTO DE MOZ,0.84,15.6
PARÁ,PRAINHA,1.0,425.1
AMAPÁ,VITÓRIA DO JARI,0.34,10.2
PARÁ,BUJARU,0.43,13.2
PARÁ,FARO,0.52,49.7
MARANHÃO,GOVERNADOR NUNES FREIRE,1.0,55.2
PARÁ,PORTEL,0.49,6.8
PARÁ,MELGAÇO,0.34,11.2
PARÁ,NOVO REPARTIMENTO,0.92,11.0
PARÁ,SENADOR JOSÉ PORFÍRIO,0.96,24.0
PARÁ,ALTAMIRA,0.03,17.1
PARÁ,RONDON DO PARÁ,0.35,38.7
PARÁ,MEDICILÂNDIA,1.0,20.3
MARANHÃO,SANTA LUZIA,1.0,12.4
PARÁ,PORTEL,0.52,7.3
PARÁ,PORTEL,0.38,11.8
PARÁ,CAMETÁ,0.31,5.1
MARANHÃO,MIRANDA DO NORTE,1.0,44.0
PARÁ,IGARAPÉ-MIRI,0.15,45.0
RORAIMA,CAROEBE,0.89,33.3
PARÁ,TUCURUÍ,0.4,18.1
AMAPÁ,VITÓRIA DO JARI,0.4,11.9
AMAPÁ,MAZAGÃO,0.86,23.7
PARÁ,PACAJÁ,0.64,39.4
PARÁ,SÃO FÉLIX DO XINGU,0.77,15.2
MARANHÃO,PAULO RAMOS,1.0,19.6
MARANHÃO,SANTA HELENA,1.0,17.7
PARÁ,RONDON DO PARÁ,0.59,52.0
PARÁ,URUARÁ,1.0,20.5
PARÁ,CAMETÁ,0.33,13.1
PARÁ,SANTARÉM,1.0,15.6
AMAPÁ,VITÓRIA DO JARI,0.27,20.4
PARÁ,BELTERRA,0.73,15.4
MARANHÃO,PRESIDENTE MÉDICI,1.0,14.8
PARÁ,BAIÃO,0.28,5.7
PARÁ,RONDON DO PARÁ,0.53,170.3
PARÁ,ACARÁ,0.19,89.1
PARÁ,SALVATERRA,0.83,7.9
PARÁ,MEDICILÂNDIA,0.93,165.6
PARÁ,MEDICILÂNDIA,1.0,15.8
PARÁ,PRAINHA,0.97,81.7
PARÁ,ORIXIMINÁ,0.42,44.2
PARÁ,NOVO REPARTIMENTO,0.96,20.6
PARÁ,GURUPÁ,0.92,49.5
PARÁ,SENADOR JOSÉ PORFÍRIO,0.9,16.9
PARÁ,TUCURUÍ,0.95,7.9
PARÁ,OEIRAS DO PARÁ,0.28,6.3
PARÁ,ANAPU,0.7,18.5
PARÁ,PORTEL,0.31,29.3
MARANHÃO,CIDELÂNDIA,0.78,6.2
AMAPÁ,MAZAGÃO,0.61,10.8
MARANHÃO,PRESIDENTE MÉDICI,1.0,19.5
PARÁ,ACARÁ,0.16,77.2
MARANHÃO,SANTA LUZIA,0.92,325.7
PARÁ,PORTEL,0.83,14.0
MARANHÃO,BOM JARDIM,0.98,8.8
PARÁ,BAGRE,0.58,15.7
PARÁ,MELGAÇO,0.53,13.2
PARÁ,NOVO REPARTIMENTO,1.0,11.5
PARÁ,ANAPU,0.85,10.7
MARANHÃO,ITAIPAVA DO GRAJAÚ,1.0,8.0
PARÁ,MEDICILÂNDIA,1.0,25.3
PARÁ,PACAJÁ,0.78,56.1
MARANHÃO,PEDRO DO ROSÁRIO,1.0,18.3
PARÁ,MEDICILÂNDIA,0.98,27.2
PARÁ,PACAJÁ,0.85,52.1
PARÁ,BAGRE,0.42,46.7
PARÁ,URUARÁ,0.9,21.8
PARÁ,ITUPIRANGA,1.0,127.9
MARANHÃO,MONÇÃO,1.0,22.2
PARÁ,SENADOR JOSÉ PORFÍRIO,0.93,23.0
PARÁ,MOJU,0.32,16.4
AMAZONAS,BARREIRINHA,0.35,79.4
PARÁ,ITUPIRANGA,0.97,16.5
PARÁ,MOJU,0.4,17.9
PARÁ,PACAJÁ,1.0,21.3
PARÁ,OEIRAS DO PARÁ,0.24,7.1
PARÁ,PACAJÁ,0.98,20.3
PARÁ,MOCAJUBA,0.27,18.4
PARÁ,PORTO DE MOZ,0.97,8.7
MARANHÃO,SANTA LUZIA,1.0,14.6
PARÁ,PORTEL,0.77,7.7
PARÁ,PACAJÁ,0.75,387.1
PARÁ,MEDICILÂNDIA,1.0,23.9
PARÁ,URUARÁ,1.0,50.4
MARANHÃO,TURILÂNDIA,1.0,15.9
PARÁ,JURUTI,0.65,23.9
AMAPÁ,PRACUÚBA,0.87,7.9
PARÁ,PRAINHA,0.94,52.0
PARÁ,IGARAPÉ-MIRI,0.05,11.0
MARANHÃO,ZÉ DOCA,1.0,11.7
PARÁ,VISEU,0.92,180.3
MARANHÃO,BOM JARDIM,0.89,38.3
PARÁ,NOVO REPARTIMENTO,1.0,28.9
PARÁ,ITUPIRANGA,1.0,7.0
PARÁ,GURUPÁ,0.99,10.9
ACRE,RODRIGUES ALVES,0.05,7.6
ACRE,BRASILÉIA,0.02,15.5
ACRE,MÂNCIO LIMA,0.0,9.9
MARANHÃO,GUIMARÃES,0.0,54.4
