DataHora,Satelite,Pais,Estado,Municipio,Bioma,DiaSemChuva,Precipitacao,RiscoFogo,Latitude,Longitude,FRP
2024/12/01 17:43:00,AQUA_M-T,Brasil,PARÁ,ANAPU,Amazônia,12.0,0.0,0.95,-3.39517,-51.2422,14.4
2024/12/01 17:45:00,AQUA_M-T,Brasil,AMAPÁ,CALÇOENE,Amazônia,16.0,0.1,0.84,2.32032,-50.78591,8.1
2024/12/01 17:43:00,AQUA_M-T,Brasil,PARÁ,PACAJÁ,Amazônia,9.0,0.0,1.0,-3.7086,-50.61168,6.3
2024/12/01 17:43:00,AQUA_M-T,Brasil,PARÁ,ACARÁ,Amazônia,5.0,3.3,0.25,-1.94527,-48.26007,11.9
2024/12/01 17:43:00,AQUA_M-T,Brasil,PARÁ,NOVA ESPERANÇA DO PIRIÁ,Amazônia,3.0,0.0,0.9,-2.48021,-46.56902,121.8
2024/12/01 17:45:00,AQUA_M-T,Brasil,PARÁ,ALMEIRIM,Amazônia,5.0,0.87,0.65,-1.31202,-51.96917,7.6
2024/12/01 17:43:00,AQUA_M-T,Brasil,PARÁ,BAIÃO,Amazônia,11.0,0.0,0.95,-3.63322,-49.89918,67.6
2024/12/01 17:45:00,AQUA_M-T,Brasil,PARÁ,CHAVES,Amazônia,15.0,1.25,0.75,0.03171,-49.89788,16.6
2024/12/01 17:43:00,AQUA_M-T,Brasil,PARÁ,ACARÁ,Amazônia,6.0,0.0,0.76,-2.38781,-48.62602,40.2
2024/12/01 17:45:00,AQUA_M-T,Brasil,AMAPÁ,MAZAGÃO,Amazônia,-999.0,1.46,0.8,-0.39012,-51.51797,16.8
2024/12/01 17:43:00,AQUA_M-T,Brasil,PARÁ,ACARÁ,Amazônia,5.0,4.4,0.2,-1.9652,-48.3972,52.1
2024/12/01 17:45:00,AQUA_M-T,Brasil,PARÁ,PORTO DE MOZ,Amazônia,14.0,1.95,0.66,-1.92946,-52.99126,43.0
2024/12/01 17:43:00,AQUA_M-T,Brasil,PARÁ,CAMETÁ,Amazônia,5.0,1.62,0.86,-2.21564,-49.66606,14.6
2024/12/01 17:43:00,AQUA_M-T,Brasil,PARÁ,PACAJÁ,Amazônia,15.0,0.0,0.81,-3.18072,-51.16613,104.3
2024/12/01 17:43:00,AQUA_M-T,Brasil,PARÁ,PACAJÁ,Amazônia,14.0,0.0,1.0,-3.52884,-50.77409,6.3
2024/12/01 17:43:00,AQUA_M-T,Brasil,PARÁ,PACAJÁ,Amazônia,16.0,0.0,0.77,-3.18995,-51.16478,49.2
2024/12/01 17:43:00,AQUA_M-T,Brasil,PARÁ,PACAJÁ,Amazônia,10.0,0.0,0.97,-3.42644,-49.99619,18.9
2024/12/01 17:45:00,AQUA_M-T,Brasil,AMAPÁ,MAZAGÃO,Amazônia,6.0,0.1,0.89,-0.30212,-51.79958,7.9
2024/12/01 17:43:00,AQUA_M-T,Brasil,PARÁ,VISEU,Amazônia,6.0,0.2,0.92,-1.81444,-46.65039,114.8
2024/12/01 17:43:00,AQUA_M-T,Brasil,PARÁ,BAIÃO,Amazônia,8.0,0.0,0.37,-2.9594,-49.57989,396.8
2024/12/01 17:43:00,AQUA_M-T,Brasil,AMAZONAS,BOA VISTA DO RAMOS,Amazônia,5.0,0.0,0.34,-3.2166,-57.58034,47.5
2024/12/01 17:43:00,AQUA_M-T,Brasil,MARANHÃO,CENTRO NOVO DO MARANHÃO,Amazônia,6.0,0.0,1.0,-2.42413,-46.32906,38.7
2024/12/01 17:43:00,AQUA_M-T,Brasil,PARÁ,MOJU,Amazônia,8.0,0.0,0.54,-2.95812,-49.5711,10.9
2024/12/01 17:43:00,AQUA_M-T,Brasil,PARÁ,RURÓPOLIS,Amazônia,5.0,0.0,0.97,-3.99963,-54.76901,52.0
2024/12/01 17:43:00,AQUA_M-T,Brasil,PARÁ,IPIXUNA DO PARÁ,Amazônia,8.0,0.0,0.78,-2.71715,-47.54759,7.9
2024/12/01 17:43:00,AQUA_M-T,Brasil,AMAZONAS,BOA VISTA DO RAMOS,Amazônia,5.0,0.0,0.34,-3.21901,-57.6039,41.8
2024/12/01 17:45:00,AQUA_M-T,Brasil,PARÁ,GURUPÁ,Amazônia,5.0,1.94,0.38,-1.30572,-51.59676,9.6
2024/12/01 17:43:00,AQUA_M-T,Brasil,PARÁ,PORTEL,Amazônia,6.0,0.0,0.59,-2.10332,-50.73854,9.7
2024/12/01 17:45:00,AQUA_M-T,Brasil,PARÁ,MONTE ALEGRE,Amazônia,0.0,0.0,0.63,-1.27768,-54.54594,59.5
2024/12/01 17:43:00,AQUA_M-T,Brasil,PARÁ,URUARÁ,Amazônia,15.0,0.0,0.97,-4.09358,-54.07304,31.7
2024/12/01 17:43:00,AQUA_M-T,Brasil,PARÁ,OEIRAS DO PARÁ,Amazônia,-999.0,1.9,0.24,-2.00671,-50.07479,22.2
2024/12/01 17:43:00,AQUA_M-T,Brasil,PARÁ,PRAINHA,Amazônia,25.0,0.43,0.94,-2.45761,-53.62613,215.4
2024/12/01 17:43:00,AQUA_M-T,Brasil,PARÁ,MOCAJUBA,Amazônia,5.0,0.78,0.27,-2.51897,-49.33733,11.9
2024/12/01 17:45:00,AQUA_M-T,Brasil,PARÁ,ÓBIDOS,Amazônia,8.0,0.0,0.67,-1.68601,-55.45214,54.2
2024/12/01 17:43:00,AQUA_M-T,Brasil,PARÁ,AVEIRO,Amazônia,4.0,0.0,0.51,-3.61631,-55.46653,36.4
2024/12/01 17:45:00,AQUA_M-T,Brasil,PARÁ,ORIXIMINÁ,Amazônia,4.0,0.0,0.69,-1.40758,-55.8675,31.3
2024/12/01 17:43:00,AQUA_M-T,Brasil,PARÁ,MARABÁ,Amazônia,2.0,0.0,1.0,-5.58521,-49.4246,7.4
2024/12/01 17:45:00,AQUA_M-T,Brasil,AMAPÁ,VITÓRIA DO JARI,Amazônia,5.0,2.73,0.4,-1.09238,-51.8961,34.7
2024/12/01 17:43:00,AQUA_M-T,Brasil,PARÁ,ANAPU,Amazônia,11.0,0.0,0.7,-3.05099,-51.34645,22.9
2024/12/01 17:43:00,AQUA_M-T,Brasil,PARÁ,ABAETETUBA,Amazônia,4.0,8.54,0.05,-1.8288,-48.91534,10.9
2024/12/01 17:43:00,AQUA_M-T,Brasil,PARÁ,NOVO REPARTIMENTO,Amazônia,14.0,0.0,1.0,-4.06845,-50.67858,13.4
2024/12/01 17:43:00,AQUA_M-T,Brasil,MARANHÃO,ARAME,Amazônia,7.0,0.0,1.0,-4.84108,-45.77616,26.0
2024/12/01 17:45:00,AQUA_M-T,Brasil,AMAPÁ,CALÇOENE,Amazônia,16.0,0.07,0.95,2.3216,-50.77713,5.5
2024/12/01 17:45:00,AQUA_M-T,Brasil,AMAPÁ,PRACUÚBA,Amazônia,14.0,0.0,0.83,1.67548,-50.71094,10.5
2024/12/01 17:43:00,AQUA_M-T,Brasil,PARÁ,NOVO REPARTIMENTO,Amazônia,5.0,0.0,1.0,-4.84526,-50.4976,70.3
2024/12/01 17:43:00,AQUA_M-T,Brasil,PARÁ,PORTEL,Amazônia,5.0,10.15,0.09,-2.24631,-51.72114,10.4
2024/12/01 17:43:00,AQUA_M-T,Brasil,PARÁ,TOMÉ-AÇU,Amazônia,5.0,0.02,0.89,-2.455,-48.14807,35.1
2024/12/01 17:43:00,AQUA_M-T,Brasil,PARÁ,RONDON DO PARÁ,Amazônia,3.0,0.0,0.56,-4.61873,-48.48573,8.0
2024/12/01 17:43:00,AQUA_M-T,Brasil,MARANHÃO,TURILÂNDIA,Amazônia,23.0,0.0,1.0,-2.12409,-45.61316,14.9
2024/12/01 17:43:00,AQUA_M-T,Brasil,PARÁ,SENADOR JOSÉ PORFÍRIO,Amazônia,20.0,0.2,0.94,-3.57831,-52.00552,6.8
2024/12/01 17:43:00,AQUA_M-T,Brasil,PARÁ,CAMETÁ,Amazônia,4.0,3.33,0.78,-2.1116,-49.58934,10.1
2024/12/01 17:43:00,AQUA_M-T,Brasil,PARÁ,NOVA ESPERANÇA DO PIRIÁ,Amazônia,4.0,0.0,0.9,-2.48182,-46.57985,165.6
2024/12/01 17:45:00,AQUA_M-T,Brasil,AMAPÁ,MAZAGÃO,Amazônia,-999.0,1.47,0.7,-0.39151,-51.52742,16.9
2024/12/01 17:45:00,AQUA_M-T,Brasil,PARÁ,ORIXIMINÁ,Amazônia,4.0,2.48,0.2,-0.84959,-57.65823,206.7
2024/12/01 17:43:00,AQUA_M-T,Brasil,PARÁ,RONDON DO PARÁ,Amazônia,4.0,0.0,0.59,-4.26848,-48.55286,9.8
2024/12/01 17:45:00,AQUA_M-T,Brasil,PARÁ,PORTO DE MOZ,Amazônia,15.0,0.4,1.0,-1.73585,-52.78316,17.2
2024/12/01 17:45:00,AQUA_M-T,Brasil,PARÁ,ALMEIRIM,Amazônia,18.0,1.05,0.66,-1.0294,-53.55952,21.4
2024/12/01 17:43:00,AQUA_M-T,Brasil,PARÁ,IPIXUNA DO PARÁ,Amazônia,8.0,0.0,0.88,-2.71857,-47.55717,11.6
2024/12/01 17:45:00,AQUA_M-T,Brasil,AMAPÁ,AMAPÁ,Amazônia,13.0,0.0,1.0,1.96424,-50.94305,9.1
2024/12/01 17:43:00,AQUA_M-T,Brasil,PARÁ,URUARÁ,Amazônia,10.0,0.0,1.0,-3.49978,-53.84675,23.9
2024/12/01 17:43:00,AQUA_M-T,Brasil,PARÁ,SENADOR JOSÉ PORFÍRIO,Amazônia,26.0,0.0,0.95,-3.75042,-52.27189,50.6
2024/12/01 17:43:00,AQUA_M-T,Brasil,PARÁ,URUARÁ,Amazônia,15.0,0.0,1.0,-3.22343,-54.08961,18.9
2024/12/01 17:43:00,AQUA_M-T,Brasil,PARÁ,SENADOR JOSÉ PORFÍRIO,Amazônia,20.0,0.16,0.91,-3.59931,-52.01345,104.4
2024/12/01 17:43:00,AQUA_M-T,Brasil,PARÁ,ITUPIRANGA,Amazônia,12.0,0.0,0.65,-5.24974,-50.0384,85.4
2024/12/01 17:45:00,AQUA_M-T,Brasil,PARÁ,ALMEIRIM,Amazônia,16.0,2.02,0.55,-1.09183,-53.6461,12.1
2024/12/01 17:43:00,AQUA_M-T,Brasil,PARÁ,MOJU,Amazônia,9.0,0.0,0.46,-3.10683,-49.51022,61.9
2024/12/01 17:43:00,AQUA_M-T,Brasil,AMAZONAS,PARINTINS,Amazônia,5.0,0.0,0.28,-3.05315,-56.95568,22.5
2024/12/01 17:43:00,AQUA_M-T,Brasil,MARANHÃO,SANTA LUZIA,Amazônia,6.0,2.35,0.96,-4.32865,-45.91376,49.5
2024/12/01 17:43:00,AQUA_M-T,Brasil,PARÁ,NOVO REPARTIMENTO,Amazônia,8.0,0.0,1.0,-4.51442,-50.43925,9.6
2024/12/01 17:43:00,AQUA_M-T,Brasil,PARÁ,RONDON DO PARÁ,Amazônia,4.0,0.0,0.66,-4.61681,-48.03373,8.2
2024/12/01 17:43:00,AQUA_M-T,Brasil,PARÁ,NOVO REPARTIMENTO,Amazônia,14.0,0.0,0.96,-3.96379,-50.71556,5.8
2024/12/01 17:43:00,AQUA_M-T,Brasil,PARÁ,RONDON DO PARÁ,Amazônia,4.0,0.0,0.74,-4.26784,-48.36265,9.7
2024/12/01 17:45:00,AQUA_M-T,Brasil,PARÁ,PRAINHA,Amazônia,18.0,0.0,1.0,-1.67186,-53.76593,25.6
2024/12/01 17:43:00,AQUA_M-T,Brasil,PARÁ,PORTEL,Amazônia,5.0,1.2,0.51,-2.12414,-51.009,8.2
2024/12/01 17:43:00,AQUA_M-T,Brasil,PARÁ,PACAJÁ,Amazônia,7.0,0.0,0.89,-3.505,-50.28778,12.9
2024/12/01 17:43:00,AQUA_M-T,Brasil,PARÁ,ULIANÓPOLIS,Amazônia,9.0,0.0,0.99,-3.69888,-47.12466,14.2
2024/12/01 17:43:00,AQUA_M-T,Brasil,PARÁ,PACAJÁ,Amazônia,7.0,0.0,0.59,-3.31381,-50.11618,36.3
2024/12/01 17:43:00,AQUA_M-T,Brasil,PARÁ,SENADOR JOSÉ PORFÍRIO,Amazônia,19.0,0.0,0.92,-3.78032,-51.82671,21.3
2024/12/01 17:43:00,AQUA_M-T,Brasil,PARÁ,PACAJÁ,Amazônia,5.0,0.0,0.85,-4.26028,-50.84793,11.7
2024/12/01 17:43:00,AQUA_M-T,Brasil,PARÁ,URUARÁ,Amazônia,15.0,0.0,1.0,-3.2617,-53.64113,29.8
2024/12/01 17:45:00,AQUA_M-T,Brasil,PARÁ,GURUPÁ,Amazônia,5.0,6.91,0.1,-0.81856,-51.60901,9.1
2024/12/01 17:43:00,AQUA_M-T,Brasil,PARÁ,TAILÂNDIA,Amazônia,6.0,0.35,0.72,-2.76008,-48.64697,95.7
2024/12/01 17:43:00,AQUA_M-T,Brasil,PARÁ,BOM JESUS DO TOCANTINS,Amazônia,5.0,0.0,0.63,-4.82496,-48.69537,5.9
2024/12/01 17:43:00,AQUA_M-T,Brasil,PARÁ,PRAINHA,Amazônia,14.0,0.0,1.0,-2.64721,-53.35957,304.4
2024/12/01 17:43:00,AQUA_M-T,Brasil,PARÁ,BAIÃO,Amazônia,5.0,0.0,0.28,-2.80645,-49.59991,23.7
2024/12/01 17:43:00,AQUA_M-T,Brasil,PARÁ,RURÓPOLIS,Amazônia,4.0,0.13,0.05,-4.49562,-55.57246,36.2
2024/12/01 17:45:00,AQUA_M-T,Brasil,PARÁ,MONTE ALEGRE,Amazônia,0.0,0.0,0.62,-1.26637,-54.54746,23.4
2024/12/01 17:43:00,AQUA_M-T,Brasil,PARÁ,PRAINHA,Amazônia,15.0,0.31,0.97,-2.56385,-53.41644,482.4
2024/12/01 17:43:00,AQUA_M-T,Brasil,PARÁ,PRAINHA,Amazônia,15.0,0.3,0.97,-2.55144,-53.40508,1277.8
2024/12/01 17:43:00,AQUA_M-T,Brasil,PARÁ,PACAJÁ,Amazônia,5.0,0.0,0.9,-3.96148,-51.26474,11.1
2024/12/01 17:45:00,AQUA_M-T,Brasil,PARÁ,CURUÁ,Amazônia,5.0,0.2,0.6,-1.41948,-55.39468,189.2
2024/12/01 17:43:00,AQUA_M-T,Brasil,AMAZONAS,PARINTINS,Amazônia,5.0,0.0,0.52,-3.04911,-56.96311,26.9
2024/12/01 17:43:00,AQUA_M-T,Brasil,PARÁ,MARABÁ,Amazônia,2.0,0.0,1.0,-5.67785,-49.75044,18.9
2024/12/01 17:43:00,AQUA_M-T,Brasil,PARÁ,URUARÁ,Amazônia,16.0,0.0,1.0,-3.54447,-54.08657,10.3
2024/12/01 17:43:00,AQUA_M-T,Brasil,PARÁ,PRAINHA,Amazônia,25.0,0.37,0.95,-2.44184,-53.62041,12.5
2024/12/01 17:45:00,AQUA_M-T,Brasil,PARÁ,ÓBIDOS,Amazônia,11.0,0.0,0.82,-1.76254,-55.34373,28.4
2024/12/01 17:45:00,AQUA_M-T,Brasil,PARÁ,PRAINHA,Amazônia,18.0,0.0,0.99,-1.51534,-53.51049,12.5
2024/12/01 17:43:00,AQUA_M-T,Brasil,PARÁ,GOIANÉSIA DO PARÁ,Amazônia,7.0,0.0,1.0,-4.03818,-48.876,31.2
2024/12/01 17:43:00,AQUA_M-T,Brasil,PARÁ,NOVO REPARTIMENTO,Amazônia,2.0,1.01,0.34,-4.07792,-50.03201,16.4
2024/12/01 17:43:00,AQUA_M-T,Brasil,PARÁ,PRAINHA,Amazônia,14.0,0.3,0.96,-2.54089,-53.40661,159.5
2024/12/01 17:43:00,AQUA_M-T,Brasil,PARÁ,ANAPU,Amazônia,12.0,0.0,0.84,-3.3966,-51.25199,15.3
2024/12/01 17:43:00,AQUA_M-T,Brasil,PARÁ,CAMETÁ,Amazônia,5.0,3.65,0.22,-2.17006,-49.5384,13.6
2024/12/01 17:45:00,AQUA_M-T,Brasil,AMAPÁ,OIAPOQUE,Amazônia,3.0,0.0,0.15,3.89622,-51.74445,5.4
2024/12/01 17:43:00,AQUA_M-T,Brasil,PARÁ,IGARAPÉ-MIRI,Amazônia,5.0,4.58,0.15,-2.33832,-49.17893,15.0
2024/12/01 17:43:00,AQUA_M-T,Brasil,PARÁ,PACAJÁ,Amazônia,15.0,0.0,0.9,-3.17932,-51.15646,7.7
2024/12/01 17:43:00,AQUA_M-T,Brasil,PARÁ,BAIÃO,Amazônia,11.0,0.0,0.81,-3.6408,-49.88896,32.5
2024/12/01 17:43:00,AQUA_M-T,Brasil,MARANHÃO,SÃO FRANCISCO DO BREJÃO,Amazônia,4.0,0.17,0.85,-5.2812,-47.28467,14.1
2024/12/01 17:43:00,AQUA_M-T,Brasil,PARÁ,PLACAS,Amazônia,5.0,0.0,0.81,-3.6388,-54.68085,42.0
2024/12/01 17:45:00,AQUA_M-T,Brasil,RORAIMA,CAROEBE,Amazônia,5.0,0.0,0.73,0.90135,-59.46404,82.5
2024/12/01 17:43:00,AQUA_M-T,Brasil,PARÁ,MOJU,Amazônia,5.0,20.94,0.0,-2.18672,-48.83826,74.5
2024/12/01 17:43:00,AQUA_M-T,Brasil,PARÁ,SENADOR JOSÉ PORFÍRIO,Amazônia,26.0,0.0,0.95,-3.74885,-52.26073,12.9
2024/12/01 17:43:00,AQUA_M-T,Brasil,PARÁ,BOM JESUS DO TOCANTINS,Amazônia,5.0,0.0,0.91,-4.82367,-48.68657,5.9
2024/12/01 17:45:00,AQUA_M-T,Brasil,AMAPÁ,MAZAGÃO,Amazônia,5.0,0.92,0.85,-0.33718,-51.60309,16.7
2024/12/01 17:45:00,AQUA_M-T,Brasil,PARÁ,MELGAÇO,Amazônia,5.0,5.73,0.17,-1.77538,-50.89495,52.7
2024/12/01 17:43:00,AQUA_M-T,Brasil,PARÁ,RONDON DO PARÁ,Amazônia,4.0,0.2,1.0,-4.40704,-48.23856,10.8
2024/12/01 17:43:00,AQUA_M-T,Brasil,MARANHÃO,BOM JESUS DAS SELVAS,Amazônia,5.0,0.0,0.83,-4.66778,-46.88213,104.9
2024/12/01 17:45:00,AQUA_M-T,Brasil,AMAPÁ,VITÓRIA DO JARI,Amazônia,5.0,3.9,0.29,-1.00477,-51.81792,6.2
2024/12/01 17:45:00,AQUA_M-T,Brasil,PARÁ,ORIXIMINÁ,Amazônia,4.0,0.0,0.53,-1.3686,-55.87983,40.3
2024/12/01 17:43:00,AQUA_M-T,Brasil,PARÁ,PRAINHA,Amazônia,15.0,0.0,1.0,-2.62796,-53.37545,2539.0
2024/12/01 17:43:00,AQUA_M-T,Brasil,PARÁ,ITUPIRANGA,Amazônia,10.0,0.0,1.0,-5.00601,-49.88165,6.0
2024/12/01 17:43:00,AQUA_M-T,Brasil,MARANHÃO,CIDELÂNDIA,Amazônia,3.0,0.0,0.24,-5.23399,-47.8336,16.9
2024/12/01 17:43:00,AQUA_M-T,Brasil,MARANHÃO,SANTA LUZIA,Amazônia,7.0,3.29,0.97,-4.32211,-45.93752,29.2
2024/12/01 17:43:00,AQUA_M-T,Brasil,PARÁ,IPIXUNA DO PARÁ,Amazônia,6.0,0.0,0.98,-2.75976,-47.8988,10.1
2024/12/01 17:43:00,AQUA_M-T,Brasil,MARANHÃO,BREJO DE AREIA,Amazônia,6.0,0.0,1.0,-4.43628,-45.54226,114.4
2024/12/01 17:43:00,AQUA_M-T,Brasil,MARANHÃO,SANTA LUZIA,Amazônia,5.0,2.39,0.94,-4.35185,-45.93343,12.0
2024/12/01 17:43:00,AQUA_M-T,Brasil,MARANHÃO,GOVERNADOR NUNES FREIRE,Amazônia,61.0,0.2,1.0,-1.88639,-45.82712,24.9
2024/12/01 17:43:00,AQUA_M-T,Brasil,PARÁ,URUARÁ,Amazônia,15.0,0.0,1.0,-2.97632,-53.88463,33.7
2024/12/01 17:43:00,AQUA_M-T,Brasil,PARÁ,BRASIL NOVO,Amazônia,16.0,0.0,0.96,-2.83343,-52.58621,12.7
2024/12/01 17:43:00,AQUA_M-T,Brasil,PARÁ,PORTEL,Amazônia,14.0,0.0,0.86,-3.3941,-50.79636,5.5
2024/12/01 17:43:00,AQUA_M-T,Brasil,PARÁ,PLACAS,Amazônia,5.0,0.0,0.87,-3.75399,-54.50791,28.5
2024/12/01 17:43:00,AQUA_M-T,Brasil,PARÁ,NOVA IPIXUNA,Amazônia,5.0,0.0,0.86,-4.757,-49.31097,8.2
2024/12/01 17:43:00,AQUA_M-T,Brasil,MARANHÃO,BOA VISTA DO GURUPI,Amazônia,31.0,0.0,1.0,-1.75237,-46.29184,49.2
2024/12/01 17:43:00,AQUA_M-T,Brasil,PARÁ,MOJU,Amazônia,5.0,10.8,0.17,-2.06156,-48.67122,7.4
2024/12/01 17:43:00,AQUA_M-T,Brasil,MARANHÃO,ARAME,Amazônia,7.0,0.0,0.94,-4.80207,-45.78797,22.0
2024/12/01 17:43:00,AQUA_M-T,Brasil,PARÁ,PORTEL,Amazônia,13.0,0.0,0.78,-3.12768,-51.12457,7.0
2024/12/01 17:43:00,AQUA_M-T,Brasil,PARÁ,NOVO REPARTIMENTO,Amazônia,10.0,0.0,1.0,-4.40385,-50.82473,9.4
2024/12/01 17:43:00,AQUA_M-T,Brasil,PARÁ,RURÓPOLIS,Amazônia,4.0,0.1,0.05,-4.4941,-55.56594,26.6
2024/12/01 17:45:00,AQUA_M-T,Brasil,AMAZONAS,NHAMUNDÁ,Amazônia,5.0,0.41,0.49,-2.30648,-57.09039,62.7
2024/12/01 17:43:00,AQUA_M-T,Brasil,PARÁ,TUCURUÍ,Amazônia,4.0,0.2,0.4,-4.02585,-49.93604,6.4
2024/12/01 17:43:00,AQUA_M-T,Brasil,MARANHÃO,BURITICUPU,Amazônia,12.0,0.68,0.94,-4.42494,-46.29158,49.0
2024/12/01 17:43:00,AQUA_M-T,Brasil,PARÁ,NOVO REPARTIMENTO,Amazônia,2.0,16.64,0.0,-4.45043,-49.67887,57.7
2024/12/01 17:43:00,AQUA_M-T,Brasil,PARÁ,NOVO REPARTIMENTO,Amazônia,4.0,0.0,0.93,-4.59105,-50.64897,15.4
2024/12/01 17:43:00,AQUA_M-T,Brasil,PARÁ,BAIÃO,Amazônia,11.0,0.0,0.79,-3.63193,-49.89027,22.9
2024/12/01 17:43:00,AQUA_M-T,Brasil,PARÁ,RONDON DO PARÁ,Amazônia,4.0,0.0,0.84,-4.7802,-48.65453,19.0
2024/12/01 17:43:00,AQUA_M-T,Brasil,PARÁ,TOMÉ-AÇU,Amazônia,5.0,1.06,0.78,-2.42205,-48.0493,22.6
2024/12/01 17:43:00,AQUA_M-T,Brasil,PARÁ,PACAJÁ,Amazônia,14.0,0.0,0.95,-3.5275,-50.76468,7.6
2024/12/01 17:43:00,AQUA_M-T,Brasil,PARÁ,SENADOR JOSÉ PORFÍRIO,Amazônia,19.0,0.0,0.92,-3.77883,-51.81612,9.5
2024/12/01 17:43:00,AQUA_M-T,Brasil,PARÁ,MARABÁ,Amazônia,4.0,0.0,1.0,-5.26847,-50.68799,9.9
2024/12/01 17:43:00,AQUA_M-T,Brasil,PARÁ,NOVO REPARTIMENTO,Amazônia,16.0,0.0,1.0,-4.29257,-50.56659,53.6
2024/12/01 17:43:00,AQUA_M-T,Brasil,PARÁ,PORTEL,Amazônia,8.0,0.0,0.79,-3.25201,-50.57579,19.5
2024/12/01 17:43:00,AQUA_M-T,Brasil,PARÁ,PACAJÁ,Amazônia,6.0,0.0,0.75,-3.32949,-50.22403,13.8
2024/12/01 17:45:00,AQUA_M-T,Brasil,AMAPÁ,MAZAGÃO,Amazônia,-999.0,0.89,0.7,-0.18135,-51.41703,40.7
2024/12/01 17:43:00,AQUA_M-T,Brasil,MARANHÃO,MARACAÇUMÉ,Amazônia,19.0,0.0,1.0,-2.21942,-46.12623,18.1
2024/12/01 17:45:00,AQUA_M-T,Brasil,PARÁ,PRAINHA,Amazônia,16.0,0.0,1.0,-2.26804,-53.61696,331.5
2024/12/01 17:45:00,AQUA_M-T,Brasil,RORAIMA,CAROEBE,Amazônia,5.0,0.0,0.56,0.91012,-59.46106,102.2
2024/12/01 17:43:00,AQUA_M-T,Brasil,PARÁ,PRAINHA,Amazônia,15.0,0.19,0.98,-2.5707,-53.38924,273.6
2024/12/01 17:43:00,AQUA_M-T,Brasil,MARANHÃO,MARANHÃOZINHO,Amazônia,13.0,0.0,1.0,-2.3784,-45.95762,42.4
2024/12/01 17:45:00,AQUA_M-T,Brasil,PARÁ,GURUPÁ,Amazônia,5.0,6.81,0.11,-0.81995,-51.61861,29.5
2024/12/01 17:45:00,AQUA_M-T,Brasil,AMAPÁ,PRACUÚBA,Amazônia,8.0,0.0,0.83,1.65764,-50.77124,8.6
2024/12/01 17:43:00,AQUA_M-T,Brasil,PARÁ,SÃO FÉLIX DO XINGU,Amazônia,4.0,0.0,0.99,-5.77144,-51.29947,186.7
2024/12/01 17:45:00,AQUA_M-T,Brasil,PARÁ,ALENQUER,Amazônia,0.0,0.0,0.59,-1.45262,-55.19686,22.8
2024/12/01 17:43:00,AQUA_M-T,Brasil,PARÁ,ANAPU,Amazônia,5.0,0.0,0.86,-3.96774,-51.26851,7.1
2024/12/01 17:43:00,AQUA_M-T,Brasil,PARÁ,TOMÉ-AÇU,Amazônia,6.0,0.0,0.88,-2.54928,-48.40656,9.3
2024/12/01 17:45:00,AQUA_M-T,Brasil,PARÁ,ÓBIDOS,Amazônia,5.0,0.0,0.61,-1.33856,-55.67422,22.4
2024/12/01 17:43:00,AQUA_M-T,Brasil,PARÁ,MOJUÍ DOS CAMPOS,Amazônia,6.0,0.0,0.92,-3.13499,-54.5333,95.2
2024/12/01 17:45:00,AQUA_M-T,Brasil,PARÁ,PRAINHA,Amazônia,14.0,0.66,1.0,-2.03484,-53.50368,15.6
2024/12/01 17:43:00,AQUA_M-T,Brasil,PARÁ,NOVO REPARTIMENTO,Amazônia,15.0,0.0,0.89,-4.28015,-50.67415,9.4
2024/12/01 17:43:00,AQUA_M-T,Brasil,PARÁ,BRASIL NOVO,Amazônia,16.0,0.0,1.0,-2.8351,-52.59772,22.6
2024/12/01 17:43:00,AQUA_M-T,Brasil,PARÁ,MOJU,Amazônia,6.0,0.0,0.41,-2.98516,-49.43593,27.2
2024/12/01 17:43:00,AQUA_M-T,Brasil,PARÁ,TAILÂNDIA,Amazônia,11.0,2.39,0.56,-2.86651,-48.56182,56.6
2024/12/01 17:43:00,AQUA_M-T,Brasil,PARÁ,ANAPU,Amazônia,12.0,1.65,0.52,-2.80094,-51.48539,8.6
2024/12/01 17:45:00,AQUA_M-T,Brasil,PARÁ,ÓBIDOS,Amazônia,12.0,0.0,0.76,-1.90393,-55.22285,28.0
2024/12/01 17:43:00,AQUA_M-T,Brasil,PARÁ,GOIANÉSIA DO PARÁ,Amazônia,12.0,0.0,1.0,-3.97224,-49.0529,6.9
2024/12/01 17:43:00,AQUA_M-T,Brasil,PARÁ,RONDON DO PARÁ,Amazônia,10.0,0.06,0.85,-4.32907,-48.09187,22.3
2024/12/01 17:43:00,AQUA_M-T,Brasil,PARÁ,DOM ELISEU,Amazônia,6.0,0.0,0.76,-4.01697,-47.97091,6.4
2024/12/01 17:43:00,AQUA_M-T,Brasil,PARÁ,PARAGOMINAS,Amazônia,5.0,0.0,1.0,-2.63031,-46.96214,10.5
2024/12/01 17:43:00,AQUA_M-T,Brasil,PARÁ,SENADOR JOSÉ PORFÍRIO,Amazônia,17.0,0.0,0.94,-3.67921,-51.69779,31.9
2024/12/01 17:43:00,AQUA_M-T,Brasil,PARÁ,MOJU,Amazônia,5.0,3.14,0.19,-2.45136,-49.20156,11.3
2024/12/01 17:43:00,AQUA_M-T,Brasil,MARANHÃO,CENTRO NOVO DO MARANHÃO,Amazônia,6.0,0.0,0.98,-2.46871,-46.28801,32.0
2024/12/01 17:45:00,AQUA_M-T,Brasil,PARÁ,ÓBIDOS,Amazônia,5.0,0.0,0.62,-1.32616,-55.67604,13.1
2024/12/01 17:43:00,AQUA_M-T,Brasil,PARÁ,PRAINHA,Amazônia,14.0,0.0,1.0,-2.61381,-53.35136,34.7
2024/12/01 17:43:00,AQUA_M-T,Brasil,PARÁ,CAMETÁ,Amazônia,5.0,0.08,0.74,-2.3633,-49.72182,10.9
2024/12/01 17:43:00,AQUA_M-T,Brasil,MARANHÃO,TURIAÇU,Amazônia,105.0,0.0,1.0,-1.73492,-45.61774,28.1
2024/12/01 17:43:00,AQUA_M-T,Brasil,PARÁ,MEDICILÂNDIA,Amazônia,9.0,0.0,1.0,-3.37248,-53.20727,36.9
2024/12/01 17:45:00,AQUA_M-T,Brasil,AMAPÁ,PRACUÚBA,Amazônia,9.0,0.0,1.0,1.66776,-50.76373,7.0
2024/12/01 17:43:00,AQUA_M-T,Brasil,PARÁ,NOVO REPARTIMENTO,Amazônia,16.0,0.0,0.96,-4.38836,-50.65185,10.2
2024/12/01 17:43:00,AQUA_M-T,Brasil,PARÁ,BREU BRANCO,Amazônia,9.0,0.0,0.4,-3.63919,-49.61134,32.2
2024/12/01 17:45:00,AQUA_M-T,Brasil,PARÁ,PRAINHA,Amazônia,16.0,0.0,1.0,-2.26612,-53.60393,155.6
2024/12/01 17:43:00,AQUA_M-T,Brasil,PARÁ,SENADOR JOSÉ PORFÍRIO,Amazônia,7.0,4.29,0.33,-2.79741,-51.90762,49.3
2024/12/01 17:45:00,AQUA_M-T,Brasil,PARÁ,ORIXIMINÁ,Amazônia,4.0,0.0,0.74,-1.4065,-55.87454,24.6
2024/12/01 17:43:00,AQUA_M-T,Brasil,PARÁ,BAGRE,Amazônia,-999.0,1.34,0.69,-1.99101,-50.40979,17.1
2024/12/01 17:43:00,AQUA_M-T,Brasil,PARÁ,PRAINHA,Amazônia,15.0,0.0,1.0,-2.62615,-53.36267,3079.7
2024/12/01 17:43:00,AQUA_M-T,Brasil,PARÁ,BAIÃO,Amazônia,11.0,0.0,0.85,-3.6421,-49.89787,8.9
2024/12/01 17:43:00,AQUA_M-T,Brasil,PARÁ,PACAJÁ,Amazônia,7.0,0.0,0.87,-3.40423,-50.22514,29.8
2024/12/01 17:45:00,AQUA_M-T,Brasil,PARÁ,GURUPÁ,Amazônia,5.0,2.72,0.33,-1.2366,-51.62223,14.8
2024/12/01 17:45:00,AQUA_M-T,Brasil,AMAPÁ,MAZAGÃO,Amazônia,-999.0,1.68,0.91,-0.35949,-51.43608,10.9
2024/12/01 17:43:00,AQUA_M-T,Brasil,PARÁ,ANAPU,Amazônia,12.0,0.0,0.92,-3.63483,-51.45327,12.5
2024/12/01 17:43:00,AQUA_M-T,Brasil,MARANHÃO,ARARI,Amazônia,22.0,0.34,1.0,-3.56914,-44.62532,17.0
2024/12/01 17:43:00,AQUA_M-T,Brasil,PARÁ,SENADOR JOSÉ PORFÍRIO,Amazônia,20.0,0.18,0.98,-3.60903,-52.01204,6.3
2024/12/01 17:43:00,AQUA_M-T,Brasil,PARÁ,BAIÃO,Amazônia,7.0,0.0,0.37,-2.95058,-49.58118,47.9
2024/12/01 17:45:00,AQUA_M-T,Brasil,AMAPÁ,VITÓRIA DO JARI,Amazônia,5.0,5.15,0.48,-0.89022,-51.77659,14.8
2024/12/01 17:45:00,AQUA_M-T,Brasil,PARÁ,MELGAÇO,Amazônia,5.0,5.12,0.18,-1.77,-50.85822,5.3
2024/12/01 17:45:00,AQUA_M-T,Brasil,AMAPÁ,VITÓRIA DO JARI,Amazônia,5.0,3.86,0.29,-1.00901,-51.84752,7.2
2024/12/01 17:43:00,AQUA_M-T,Brasil,PARÁ,PORTEL,Amazônia,8.0,0.0,0.48,-3.25896,-50.05112,5.8
2024/12/01 17:43:00,AQUA_M-T,Brasil,MARANHÃO,LUÍS DOMINGUES,Amazônia,-999.0,0.0,0.97,-1.36514,-45.82714,19.8
2024/12/01 17:43:00,AQUA_M-T,Brasil,PARÁ,DOM ELISEU,Amazônia,4.0,0.0,0.81,-3.99741,-48.34866,10.6
2024/12/01 17:43:00,AQUA_M-T,Brasil,PARÁ,TAILÂNDIA,Amazônia,6.0,0.45,0.78,-2.76737,-48.57305,9.5
2024/12/01 17:43:00,AQUA_M-T,Brasil,MARANHÃO,BOA VISTA DO GURUPI,Amazônia,35.0,0.0,1.0,-1.78011,-46.13904,10.7
2024/12/01 17:45:00,AQUA_M-T,Brasil,AMAPÁ,MAZAGÃO,Amazônia,5.0,6.76,0.12,-0.72918,-51.69756,7.6
2024/12/01 17:43:00,AQUA_M-T,Brasil,PARÁ,NOVA ESPERANÇA DO PIRIÁ,Amazônia,3.0,0.0,0.89,-2.47047,-46.57052,22.0
2024/12/01 17:45:00,AQUA_M-T,Brasil,AMAPÁ,MAZAGÃO,Amazônia,-999.0,1.47,0.56,-0.30223,-51.42532,10.9
2024/12/01 17:43:00,AQUA_M-T,Brasil,PARÁ,NOVO REPARTIMENTO,Amazônia,9.0,0.0,0.85,-4.11687,-50.49946,15.1
2024/12/01 17:43:00,AQUA_M-T,Brasil,PARÁ,PACAJÁ,Amazônia,16.0,0.0,0.86,-4.20024,-50.69125,8.3
2024/12/01 17:43:00,AQUA_M-T,Brasil,PARÁ,IPIXUNA DO PARÁ,Amazônia,6.0,0.0,0.95,-2.439,-47.7239,7.7
2024/12/01 17:43:00,AQUA_M-T,Brasil,PARÁ,ITUPIRANGA,Amazônia,5.0,0.0,1.0,-5.20354,-50.48867,13.8
2024/12/01 17:43:00,AQUA_M-T,Brasil,PARÁ,BAIÃO,Amazônia,13.0,0.0,0.49,-3.2548,-49.89719,14.8
2024/12/01 17:43:00,AQUA_M-T,Brasil,PARÁ,NOVO REPARTIMENTO,Amazônia,5.0,0.0,0.96,-4.90242,-50.70619,6.3
2024/12/01 17:43:00,AQUA_M-T,Brasil,PARÁ,MOJU,Amazônia,6.0,0.19,0.53,-2.55649,-48.90413,19.8
2024/12/01 17:43:00,AQUA_M-T,Brasil,PARÁ,PLACAS,Amazônia,5.0,0.0,0.96,-3.95856,-54.65363,14.9
2024/12/01 17:43:00,AQUA_M-T,Brasil,PARÁ,RURÓPOLIS,Amazônia,4.0,0.0,0.41,-4.32238,-55.18242,138.2
2024/12/01 17:45:00,AQUA_M-T,Brasil,RORAIMA,NORMANDIA,Amazônia,12.0,0.0,1.0,3.62026,-60.39449,79.1
2024/12/01 17:43:00,AQUA_M-T,Brasil,PARÁ,URUARÁ,Amazônia,17.0,0.0,0.98,-3.53111,-53.51509,37.4
2024/12/01 17:43:00,AQUA_M-T,Brasil,PARÁ,OEIRAS DO PARÁ,Amazônia,6.0,0.0,0.37,-2.78475,-49.83352,10.1
2024/12/01 17:45:00,AQUA_M-T,Brasil,AMAPÁ,PRACUÚBA,Amazônia,9.0,0.0,0.77,1.66519,-50.78134,25.9
2024/12/01 17:43:00,AQUA_M-T,Brasil,PARÁ,VISEU,Amazônia,6.0,0.2,0.93,-1.80465,-46.65182,29.1
2024/12/01 17:43:00,AQUA_M-T,Brasil,PARÁ,NOVO REPARTIMENTO,Amazônia,1.0,14.67,0.01,-4.42139,-49.72862,16.0
2024/12/01 17:43:00,AQUA_M-T,Brasil,PARÁ,MOJU,Amazônia,8.0,0.0,1.0,-2.96546,-49.05342,11.9
2024/12/01 17:45:00,AQUA_M-T,Brasil,AMAPÁ,MAZAGÃO,Amazônia,-999.0,1.08,0.69,-0.13367,-51.47166,7.2
2024/12/01 17:43:00,AQUA_M-T,Brasil,PARÁ,PACAJÁ,Amazônia,8.0,0.0,0.92,-3.53723,-50.18435,12.9
2024/12/01 17:43:00,AQUA_M-T,Brasil,PARÁ,TOMÉ-AÇU,Amazônia,5.0,1.51,0.41,-2.20725,-48.34269,9.7
2024/12/01 17:45:00,AQUA_M-T,Brasil,AMAPÁ,VITÓRIA DO JARI,Amazônia,5.0,1.81,0.82,-1.13151,-52.09596,16.2
2024/12/01 17:43:00,AQUA_M-T,Brasil,PARÁ,PACAJÁ,Amazônia,8.0,0.0,0.85,-3.50477,-50.22318,27.5
2024/12/01 17:43:00,AQUA_M-T,Brasil,MARANHÃO,BREJO DE AREIA,Amazônia,6.0,0.0,0.98,-4.53326,-45.70758,21.1
2024/12/01 17:43:00,AQUA_M-T,Brasil,PARÁ,PORTEL,Amazônia,6.0,0.08,0.65,-1.96339,-50.85543,8.1
2024/12/01 17:43:00,AQUA_M-T,Brasil,PARÁ,IGARAPÉ-MIRI,Amazônia,-999.0,7.29,0.06,-2.03838,-48.9628,10.5
2024/12/01 17:43:00,AQUA_M-T,Brasil,PARÁ,NOVA ESPERANÇA DO PIRIÁ,Amazônia,6.0,0.1,0.96,-2.30068,-46.89802,9.0
2024/12/01 17:43:00,AQUA_M-T,Brasil,MARANHÃO,SATUBINHA,Amazônia,16.0,0.0,1.0,-3.96796,-45.28154,14.3
2024/12/01 17:43:00,AQUA_M-T,Brasil,PARÁ,PORTEL,Amazônia,14.0,0.0,0.94,-3.15747,-50.87738,9.1
2024/12/01 17:43:00,AQUA_M-T,Brasil,PARÁ,MOCAJUBA,Amazônia,5.0,1.05,0.25,-2.50006,-49.33114,11.0
2024/12/01 17:43:00,AQUA_M-T,Brasil,PARÁ,MARABÁ,Amazônia,3.0,0.1,0.99,-5.55153,-50.27936,9.9
2024/12/01 17:45:00,AQUA_M-T,Brasil,PARÁ,MARACANÃ,Amazônia,7.0,0.35,0.91,-0.85352,-47.55499,14.0
2024/12/01 17:43:00,AQUA_M-T,Brasil,PARÁ,PRAINHA,Amazônia,16.0,0.0,1.0,-2.41733,-54.00882,17.4
2024/12/01 17:43:00,AQUA_M-T,Brasil,PARÁ,BOM JESUS DO TOCANTINS,Amazônia,5.0,0.0,0.63,-4.83378,-48.69407,6.8
2024/12/01 17:43:00,AQUA_M-T,Brasil,PARÁ,ANAPU,Amazônia,15.0,0.97,0.68,-2.9011,-51.58293,25.8
2024/12/01 17:43:00,AQUA_M-T,Brasil,PARÁ,URUARÁ,Amazônia,15.0,0.0,1.0,-3.63189,-53.57915,14.6
2024/12/01 17:43:00,AQUA_M-T,Brasil,MARANHÃO,BURITICUPU,Amazônia,12.0,0.41,0.97,-4.4346,-46.29016,46.1
2024/12/01 17:43:00,AQUA_M-T,Brasil,PARÁ,MARABÁ,Amazônia,2.0,0.0,1.0,-5.67915,-49.75946,15.9
2024/12/01 17:45:00,AQUA_M-T,Brasil,AMAPÁ,OIAPOQUE,Amazônia,3.0,0.0,1.0,3.54818,-51.41291,10.0
2024/12/01 17:45:00,AQUA_M-T,Brasil,PARÁ,ÓBIDOS,Amazônia,8.0,0.0,0.67,-1.6886,-55.46981,68.9
2024/12/01 17:43:00,AQUA_M-T,Brasil,PARÁ,SANTARÉM,Amazônia,24.0,0.0,1.0,-2.63368,-54.22525,64.5
2024/12/01 17:43:00,AQUA_M-T,Brasil,PARÁ,URUARÁ,Amazônia,15.0,0.0,1.0,-3.32896,-53.54186,28.0
2024/12/01 17:43:00,AQUA_M-T,Brasil,PARÁ,ANAPU,Amazônia,15.0,1.1,0.65,-2.8917,-51.5843,9.8
2024/12/01 17:45:00,AQUA_M-T,Brasil,AMAPÁ,MAZAGÃO,Amazônia,4.0,3.99,0.38,-0.0678,-51.65059,7.6
2024/12/01 17:43:00,AQUA_M-T,Brasil,PARÁ,NOVO REPARTIMENTO,Amazônia,10.0,0.0,1.0,-4.78224,-49.86195,7.5
2024/12/01 17:43:00,AQUA_M-T,Brasil,PARÁ,VISEU,Amazônia,7.0,0.2,0.98,-1.80306,-46.64085,68.0
2024/12/01 17:45:00,AQUA_M-T,Brasil,PARÁ,ALENQUER,Amazônia,3.0,0.0,0.86,-1.63511,-55.02256,194.7
2024/12/01 17:43:00,AQUA_M-T,Brasil,PARÁ,SÃO FÉLIX DO XINGU,Amazônia,4.0,0.0,0.19,-5.65429,-51.47432,15.1
2024/12/01 17:43:00,AQUA_M-T,Brasil,MARANHÃO,GOVERNADOR NUNES FREIRE,Amazônia,57.0,0.22,1.0,-1.8806,-45.83369,33.6
2024/12/01 17:43:00,AQUA_M-T,Brasil,PARÁ,SENADOR JOSÉ PORFÍRIO,Amazônia,20.0,0.0,0.93,-3.80358,-51.92146,50.0
2024/12/01 17:45:00,AQUA_M-T,Brasil,AMAZONAS,NHAMUNDÁ,Amazônia,4.0,0.22,0.23,-1.91919,-57.0447,30.1
2024/12/01 17:43:00,AQUA_M-T,Brasil,PARÁ,NOVO REPARTIMENTO,Amazônia,1.0,9.22,0.12,-4.40246,-49.78607,9.1
2024/12/01 17:43:00,AQUA_M-T,Brasil,PARÁ,PRAINHA,Amazônia,15.0,0.21,0.98,-2.57256,-53.40212,963.9
2024/12/01 17:45:00,AQUA_M-T,Brasil,RORAIMA,BONFIM,Amazônia,15.0,0.0,1.0,3.26341,-60.13224,69.6
2024/12/01 17:43:00,AQUA_M-T,Brasil,MARANHÃO,ITINGA DO MARANHÃO,Amazônia,6.0,0.0,0.88,-4.02126,-47.00178,12.0
2024/12/01 17:43:00,AQUA_M-T,Brasil,MARANHÃO,PINHEIRO,Amazônia,22.0,0.0,1.0,-2.43168,-45.09114,16.3
2024/12/01 17:43:00,AQUA_M-T,Brasil,PARÁ,MEDICILÂNDIA,Amazônia,10.0,0.0,0.92,-3.3743,-53.21992,91.8
2024/12/01 17:43:00,AQUA_M-T,Brasil,PARÁ,PACAJÁ,Amazônia,7.0,0.0,0.62,-3.3036,-50.10852,41.3
2024/12/01 17:43:00,AQUA_M-T,Brasil,PARÁ,SANTARÉM,Amazônia,13.0,0.0,1.0,-3.03071,-54.18916,14.5
2024/12/01 17:43:00,AQUA_M-T,Brasil,PARÁ,NOVO REPARTIMENTO,Amazônia,16.0,0.0,1.0,-4.29393,-50.57599,9.9
2024/12/01 17:43:00,AQUA_M-T,Brasil,PARÁ,SENADOR JOSÉ PORFÍRIO,Amazônia,7.0,3.92,0.54,-2.79591,-51.89719,15.2
2024/12/01 17:43:00,AQUA_M-T,Brasil,PARÁ,PACAJÁ,Amazônia,5.0,0.0,0.85,-4.26167,-50.85753,12.8
2024/12/01 17:43:00,AQUA_M-T,Brasil,MARANHÃO,ALTO ALEGRE DO PINDARÉ,Amazônia,8.0,0.0,1.0,-4.09149,-46.23865,20.1
2024/12/01 17:43:00,AQUA_M-T,Brasil,PARÁ,MARABÁ,Amazônia,3.0,0.0,0.67,-5.55018,-50.27002,8.6
2024/12/01 17:43:00,AQUA_M-T,Brasil,MARANHÃO,BOM JESUS DAS SELVAS,Amazônia,6.0,0.0,0.99,-4.50683,-46.7386,41.7
2024/12/01 17:43:00,AQUA_M-T,Brasil,PARÁ,TOMÉ-AÇU,Amazônia,6.0,0.0,1.0,-2.4678,-48.36051,25.5
2024/12/01 17:43:00,AQUA_M-T,Brasil,PARÁ,MARABÁ,Amazônia,5.0,0.0,0.78,-5.26983,-50.69768,6.7
2024/12/01 17:43:00,AQUA_M-T,Brasil,PARÁ,NOVO REPARTIMENTO,Amazônia,13.0,0.0,0.89,-4.4782,-50.76929,8.6
2024/12/01 17:43:00,AQUA_M-T,Brasil,PARÁ,SANTARÉM,Amazônia,13.0,0.0,1.0,-2.9172,-54.12132,52.7
2024/12/01 17:45:00,AQUA_M-T,Brasil,PARÁ,JURUTI,Amazônia,5.0,0.0,0.64,-2.26771,-56.01651,30.8
2024/12/01 17:43:00,AQUA_M-T,Brasil,PARÁ,RONDON DO PARÁ,Amazônia,4.0,0.0,0.84,-4.51928,-48.68734,34.3
2024/12/01 17:43:00,AQUA_M-T,Brasil,PARÁ,BAIÃO,Amazônia,13.0,0.0,0.44,-3.44359,-49.73974,8.2
2024/12/01 17:43:00,AQUA_M-T,Brasil,PARÁ,PACAJÁ,Amazônia,5.0,0.0,0.85,-4.26948,-50.84662,49.5
2024/12/01 17:43:00,AQUA_M-T,Brasil,PARÁ,NOVO REPARTIMENTO,Amazônia,5.0,0.0,1.0,-4.61035,-50.53439,19.4
2024/12/01 17:43:00,AQUA_M-T,Brasil,PARÁ,ABAETETUBA,Amazônia,4.0,8.45,0.06,-1.77666,-48.86856,5.5
2024/12/01 17:43:00,AQUA_M-T,Brasil,PARÁ,SENADOR JOSÉ PORFÍRIO,Amazônia,20.0,0.2,0.87,-3.59773,-52.00262,110.0
2024/12/01 17:45:00,AQUA_M-T,Brasil,PARÁ,ORIXIMINÁ,Amazônia,4.0,2.43,0.2,-0.85118,-57.65295,156.2
2024/12/01 17:45:00,AQUA_M-T,Brasil,PARÁ,ORIXIMINÁ,Amazônia,18.0,0.0,1.0,1.1606,-56.00509,25.3
2024/12/01 17:43:00,AQUA_M-T,Brasil,PARÁ,BOM JESUS DO TOCANTINS,Amazônia,4.0,0.0,0.33,-4.81338,-48.61613,69.9
2024/12/01 17:45:00,AQUA_M-T,Brasil,AMAZONAS,NHAMUNDÁ,Amazônia,7.0,0.0,0.52,-1.11667,-58.01652,22.4
2024/12/01 17:43:00,AQUA_M-T,Brasil,PARÁ,TOMÉ-AÇU,Amazônia,6.0,0.1,0.91,-2.58409,-48.2067,9.1
2024/12/01 17:43:00,AQUA_M-T,Brasil,PARÁ,BAIÃO,Amazônia,13.0,0.0,0.49,-3.25609,-49.90607,14.9
2024/12/01 17:43:00,AQUA_M-T,Brasil,PARÁ,PACAJÁ,Amazônia,7.0,0.0,0.58,-3.31251,-50.10723,76.2
2024/12/01 17:43:00,AQUA_M-T,Brasil,MARANHÃO,BOM JESUS DAS SELVAS,Amazônia,6.0,0.0,1.0,-4.59935,-46.55257,74.1
2024/12/01 17:43:00,AQUA_M-T,Brasil,PARÁ,PACAJÁ,Amazônia,6.0,0.0,0.59,-3.27333,-50.21386,50.1
2024/12/01 17:43:00,AQUA_M-T,Brasil,MARANHÃO,CIDELÂNDIA,Amazônia,2.0,0.0,1.0,-5.0882,-47.84935,14.6
2024/12/01 17:43:00,AQUA_M-T,Brasil,MARANHÃO,VITÓRIA DO MEARIM,Amazônia,-999.0,0.0,1.0,-3.45263,-44.92483,19.4
2024/12/01 17:43:00,AQUA_M-T,Brasil,PARÁ,PACAJÁ,Amazônia,5.0,0.0,0.98,-3.96633,-51.25854,8.9
2024/12/01 17:43:00,AQUA_M-T,Brasil,PARÁ,SÃO DOMINGOS DO CAPIM,Amazônia,1.0,1.11,0.76,-1.82077,-47.79049,16.1
2024/12/01 17:43:00,AQUA_M-T,Brasil,PARÁ,ULIANÓPOLIS,Amazônia,10.0,0.0,1.0,-3.69743,-47.11477,9.1
2024/12/01 17:43:00,AQUA_M-T,Brasil,PARÁ,MEDICILÂNDIA,Amazônia,15.0,0.0,0.93,-3.45306,-53.12412,13.8
2024/12/01 17:45:00,AQUA_M-T,Brasil,PARÁ,ALENQUER,Amazônia,5.0,0.18,0.61,-1.41312,-55.38267,12.8
2024/12/01 17:43:00,AQUA_M-T,Brasil,PARÁ,MOJU,Amazônia,9.0,0.0,0.29,-3.18656,-49.24182,22.8
2024/12/01 17:43:00,AQUA_M-T,Brasil,MARANHÃO,MARANHÃOZINHO,Amazônia,12.0,0.0,1.0,-2.5831,-46.02337,14.1
2024/12/01 17:43:00,AQUA_M-T,Brasil,PARÁ,PACAJÁ,Amazônia,15.0,0.0,0.79,-3.25463,-51.23921,11.4
2024/12/01 17:43:00,AQUA_M-T,Brasil,PARÁ,TOMÉ-AÇU,Amazônia,6.0,0.0,0.97,-2.78979,-48.10213,12.1
2024/12/01 17:45:00,AQUA_M-T,Brasil,PARÁ,PORTEL,Amazônia,5.0,2.14,0.49,-1.82436,-50.65777,14.1
2024/12/01 17:43:00,AQUA_M-T,Brasil,PARÁ,PRAINHA,Amazônia,15.0,0.2,0.98,-2.56015,-53.39067,242.5
2024/12/01 17:45:00,AQUA_M-T,Brasil,PARÁ,PRAINHA,Amazônia,16.0,0.0,1.0,-1.82503,-53.73904,12.6
2024/12/01 17:45:00,AQUA_M-T,Brasil,PARÁ,GURUPÁ,Amazônia,5.0,2.96,0.29,-1.25812,-51.59382,29.6
2024/12/01 17:43:00,AQUA_M-T,Brasil,PARÁ,ANAPU,Amazônia,12.0,0.0,0.86,-3.54074,-51.50359,13.7
2024/12/01 17:43:00,AQUA_M-T,Brasil,PARÁ,ACARÁ,Amazônia,5.0,6.58,0.54,-2.44703,-48.84444,7.6
2024/12/01 17:43:00,AQUA_M-T,Brasil,PARÁ,PRAINHA,Amazônia,25.0,0.4,0.94,-2.45447,-53.63198,159.5
2024/12/01 17:45:00,AQUA_M-T,Brasil,RORAIMA,CAROEBE,Amazônia,5.0,0.0,0.61,0.80206,-59.68535,55.2
2024/12/01 17:43:00,AQUA_M-T,Brasil,PARÁ,PORTEL,Amazônia,5.0,0.65,0.53,-1.95002,-51.20976,6.3
2024/12/01 17:43:00,AQUA_M-T,Brasil,PARÁ,SÃO FÉLIX DO XINGU,Amazônia,4.0,0.0,1.0,-5.77294,-51.31,11.2
2024/12/01 17:43:00,AQUA_M-T,Brasil,PARÁ,MOJU,Amazônia,9.0,0.0,0.29,-3.18784,-49.25059,65.4
2024/12/01 17:43:00,AQUA_M-T,Brasil,PARÁ,SANTARÉM,Amazônia,13.0,0.0,1.0,-2.92844,-54.11972,21.0
2024/12/01 17:43:00,AQUA_M-T,Brasil,PARÁ,TOMÉ-AÇU,Amazônia,6.0,0.0,0.94,-2.63017,-48.33353,16.9
2024/12/01 17:45:00,AQUA_M-T,Brasil,PARÁ,MONTE ALEGRE,Amazônia,5.0,0.1,0.75,-1.07706,-54.11341,13.7
2024/12/01 17:43:00,AQUA_M-T,Brasil,MARANHÃO,SANTA LUZIA,Amazônia,7.0,2.97,0.83,-4.32043,-45.9264,386.9
2024/12/01 17:45:00,AQUA_M-T,Brasil,PARÁ,ÓBIDOS,Amazônia,12.0,0.0,0.74,-1.77906,-55.28776,33.3
2024/12/01 17:43:00,AQUA_M-T,Brasil,PARÁ,PACAJÁ,Amazônia,7.0,0.0,0.76,-3.40554,-50.23417,138.5
2024/12/01 17:43:00,AQUA_M-T,Brasil,PARÁ,PRAINHA,Amazônia,25.0,0.49,0.93,-2.46326,-53.61734,11.5
2024/12/01 17:43:00,AQUA_M-T,Brasil,MARANHÃO,ARARI,Amazônia,-999.0,0.21,1.0,-3.54708,-44.62867,114.6
2024/12/01 17:43:00,AQUA_M-T,Brasil,PARÁ,PACAJÁ,Amazônia,6.0,0.0,0.64,-3.32426,-50.18803,7.0
2024/12/01 17:43:00,AQUA_M-T,Brasil,PARÁ,URUARÁ,Amazônia,15.0,0.0,1.0,-3.33091,-53.55545,32.9
2024/12/01 17:45:00,AQUA_M-T,Brasil,AMAPÁ,MAZAGÃO,Amazônia,5.0,0.91,0.72,-0.33581,-51.59358,15.0
2024/12/01 17:43:00,AQUA_M-T,Brasil,MARANHÃO,BURITICUPU,Amazônia,31.0,0.0,1.0,-4.20124,-46.3597,50.3
2024/12/01 17:43:00,AQUA_M-T,Brasil,PARÁ,ANAPU,Amazônia,12.0,0.0,0.85,-3.14284,-51.34759,15.3
2024/12/01 17:43:00,AQUA_M-T,Brasil,PARÁ,PACAJÁ,Amazônia,13.0,0.0,0.94,-3.3689,-51.12665,16.6
2024/12/01 17:43:00,AQUA_M-T,Brasil,PARÁ,PACAJÁ,Amazônia,13.0,0.0,0.91,-3.65945,-51.04045,9.0
2024/12/01 17:45:00,AQUA_M-T,Brasil,AMAZONAS,NHAMUNDÁ,Amazônia,5.0,0.46,0.49,-2.31071,-57.08287,45.4
2024/12/01 17:45:00,AQUA_M-T,Brasil,AMAPÁ,MAZAGÃO,Amazônia,5.0,5.93,0.56,-0.80671,-51.77553,16.2
2024/12/01 17:43:00,AQUA_M-T,Brasil,PARÁ,AVEIRO,Amazônia,4.0,0.0,0.51,-3.61359,-55.44748,47.6
2024/12/01 17:43:00,AQUA_M-T,Brasil,PARÁ,PACAJÁ,Amazônia,7.0,0.0,0.86,-3.48186,-50.25415,12.9
2024/12/01 17:43:00,AQUA_M-T,Brasil,PARÁ,RURÓPOLIS,Amazônia,4.0,0.0,0.45,-4.32576,-55.19632,15.7
2024/12/01 17:43:00,AQUA_M-T,Brasil,PARÁ,BREU BRANCO,Amazônia,10.0,0.0,1.0,-3.5918,-49.48972,63.0
2024/12/01 17:43:00,AQUA_M-T,Brasil,PARÁ,RONDON DO PARÁ,Amazônia,4.0,0.0,0.72,-4.33885,-48.65419,10.4
2024/12/01 17:43:00,AQUA_M-T,Brasil,AMAZONAS,BOA VISTA DO RAMOS,Amazônia,5.0,0.0,0.33,-3.22068,-57.60844,28.5
2024/12/01 17:43:00,AQUA_M-T,Brasil,PARÁ,MEDICILÂNDIA,Amazônia,15.0,0.0,1.0,-3.09248,-53.25164,97.9
2024/12/01 17:43:00,AQUA_M-T,Brasil,PARÁ,OEIRAS DO PARÁ,Amazônia,4.0,2.33,0.56,-1.94806,-49.79566,53.2
2024/12/01 17:43:00,AQUA_M-T,Brasil,MARANHÃO,BOM JARDIM,Amazônia,6.0,0.0,0.8,-4.05238,-46.82355,16.7
2024/12/01 17:43:00,AQUA_M-T,Brasil,PARÁ,BREU BRANCO,Amazônia,8.0,0.0,0.49,-3.42291,-49.53566,5.2
2024/12/01 17:43:00,AQUA_M-T,Brasil,PARÁ,RONDON DO PARÁ,Amazônia,3.0,0.0,0.99,-4.57169,-48.4902,90.3
2024/12/01 17:43:00,AQUA_M-T,Brasil,PARÁ,MEDICILÂNDIA,Amazônia,13.0,0.0,1.0,-3.40921,-53.04061,14.1
2024/12/01 17:43:00,AQUA_M-T,Brasil,MARANHÃO,BOM JARDIM,Amazônia,6.0,0.8,0.92,-3.82854,-46.55379,13.1
2024/12/01 17:43:00,AQUA_M-T,Brasil,PARÁ,GOIANÉSIA DO PARÁ,Amazônia,7.0,0.0,0.9,-4.03946,-48.8848,13.0
2024/12/01 17:43:00,AQUA_M-T,Brasil,PARÁ,GOIANÉSIA DO PARÁ,Amazônia,8.0,0.0,0.71,-4.03064,-48.8861,8.3
2024/12/01 17:43:00,AQUA_M-T,Brasil,PARÁ,VISEU,Amazônia,7.0,0.2,0.94,-1.81286,-46.63941,92.0
2024/12/01 17:45:00,AQUA_M-T,Brasil,PARÁ,CHAVES,Amazônia,15.0,1.03,0.77,0.04052,-49.89917,32.8
2024/12/01 17:43:00,AQUA_M-T,Brasil,PARÁ,PLACAS,Amazônia,5.0,0.0,0.72,-3.96093,-54.67024,21.6
2024/12/01 17:45:00,AQUA_M-T,Brasil,PARÁ,ORIXIMINÁ,Amazônia,18.0,0.0,1.0,1.15385,-56.01522,121.9
2024/12/01 17:43:00,AQUA_M-T,Brasil,PARÁ,PRAINHA,Amazônia,15.0,0.26,0.97,-2.562,-53.40357,2392.4
2024/12/01 17:43:00,AQUA_M-T,Brasil,PARÁ,MEDICILÂNDIA,Amazônia,16.0,0.0,0.93,-3.27908,-53.34527,94.8
2024/12/01 17:43:00,AQUA_M-T,Brasil,PARÁ,PLACAS,Amazônia,15.0,0.0,0.9,-4.12445,-54.21161,16.5
2024/12/01 17:43:00,AQUA_M-T,Brasil,PARÁ,BUJARU,Amazônia,3.0,6.85,0.59,-1.60562,-48.0149,41.0
2024/12/01 17:45:00,AQUA_M-T,Brasil,PARÁ,ÓBIDOS,Amazônia,5.0,0.2,0.66,-1.42192,-55.41209,63.2
2024/12/01 17:43:00,AQUA_M-T,Brasil,PARÁ,PORTEL,Amazônia,6.0,0.0,0.92,-3.28739,-50.4396,16.4
2024/12/01 17:43:00,AQUA_M-T,Brasil,PARÁ,OEIRAS DO PARÁ,Amazônia,4.0,2.18,0.88,-1.93668,-49.77939,70.8
2024/12/01 17:43:00,AQUA_M-T,Brasil,PARÁ,TUCURUÍ,Amazônia,2.0,0.72,0.38,-4.069,-50.03331,10.2
2024/12/01 17:45:00,AQUA_M-T,Brasil,PARÁ,PRAINHA,Amazônia,18.0,0.0,1.0,-1.67379,-53.77943,19.1
2024/12/01 17:43:00,AQUA_M-T,Brasil,PARÁ,BREU BRANCO,Amazônia,5.0,0.01,0.44,-3.96629,-49.46432,28.2
2024/12/01 17:43:00,AQUA_M-T,Brasil,MARANHÃO,SANTA LUZIA DO PARUÁ,Amazônia,18.0,0.0,1.0,-2.44257,-45.70671,19.1
2024/12/01 17:45:00,AQUA_M-T,Brasil,PARÁ,ORIXIMINÁ,Amazônia,4.0,2.65,0.19,-0.85357,-57.68447,84.8
2024/12/01 17:43:00,AQUA_M-T,Brasil,MARANHÃO,TURILÂNDIA,Amazônia,27.0,0.0,1.0,-2.26519,-45.68233,36.5
2024/12/01 17:43:00,AQUA_M-T,Brasil,PARÁ,BREU BRANCO,Amazônia,9.0,0.0,0.41,-3.64047,-49.62019,13.0
2024/12/01 17:43:00,AQUA_M-T,Brasil,PARÁ,URUARÁ,Amazônia,15.0,0.0,1.0,-3.2726,-53.63975,32.0
2024/12/01 17:43:00,AQUA_M-T,Brasil,MARANHÃO,CENTRO NOVO DO MARANHÃO,Amazônia,2.0,0.0,0.86,-2.67989,-46.60426,18.9
2024/12/01 17:43:00,AQUA_M-T,Brasil,PARÁ,NOVO REPARTIMENTO,Amazônia,16.0,0.0,0.92,-4.18841,-50.67376,26.4
2024/12/01 17:45:00,AQUA_M-T,Brasil,PARÁ,MONTE ALEGRE,Amazônia,0.0,0.0,0.64,-1.27987,-54.5608,93.6
2024/12/01 17:43:00,AQUA_M-T,Brasil,PARÁ,PRAINHA,Amazônia,15.0,0.38,0.96,-2.55328,-53.41795,1113.3
2024/12/01 17:45:00,AQUA_M-T,Brasil,AMAPÁ,MAZAGÃO,Amazônia,4.0,6.25,0.82,-0.75109,-51.78365,19.7
2024/12/01 17:45:00,AQUA_M-T,Brasil,PARÁ,PRAINHA,Amazônia,17.0,0.0,1.0,-1.77843,-53.71879,16.5
2024/12/01 17:43:00,AQUA_M-T,Brasil,PARÁ,TAILÂNDIA,Amazônia,8.0,0.0,0.64,-3.13944,-48.53017,8.0
2024/12/01 17:45:00,AQUA_M-T,Brasil,PARÁ,TERRA ALTA,Amazônia,12.0,0.76,0.89,-1.03212,-47.81411,12.7
2024/12/01 17:45:00,AQUA_M-T,Brasil,PARÁ,ALENQUER,Amazônia,2.0,0.0,0.51,-1.63269,-55.00616,262.8
2024/12/01 17:45:00,AQUA_M-T,Brasil,AMAPÁ,VITÓRIA DO JARI,Amazônia,5.0,3.89,0.29,-1.00618,-51.82778,7.1
2024/12/01 17:43:00,AQUA_M-T,Brasil,PARÁ,PACAJÁ,Amazônia,6.0,0.0,0.59,-3.27204,-50.20484,31.7
2024/12/01 17:43:00,AQUA_M-T,Brasil,PARÁ,PORTEL,Amazônia,13.0,0.0,0.71,-3.34418,-50.82848,5.6
2024/12/01 17:43:00,AQUA_M-T,Brasil,PARÁ,PACAJÁ,Amazônia,6.0,0.0,0.71,-3.32818,-50.21502,7.3
2024/12/01 17:43:00,AQUA_M-T,Brasil,PARÁ,RURÓPOLIS,Amazônia,4.0,0.0,0.2,-4.32318,-55.17723,40.4
2024/12/01 17:43:00,AQUA_M-T,Brasil,PARÁ,PACAJÁ,Amazônia,6.0,0.0,0.91,-3.48113,-50.44014,5.6
2024/12/01 17:43:00,AQUA_M-T,Brasil,MARANHÃO,SANTA LUZIA,Amazônia,8.0,2.7,1.0,-4.375,-46.02129,19.4
2024/12/01 17:43:00,AQUA_M-T,Brasil,PARÁ,PACAJÁ,Amazônia,16.0,0.0,0.86,-4.19888,-50.68184,8.3
2024/12/01 17:45:00,AQUA_M-T,Brasil,PARÁ,PORTO DE MOZ,Amazônia,14.0,0.6,0.85,-1.74739,-52.9341,15.5
2024/12/01 17:45:00,AQUA_M-T,Brasil,PARÁ,ALENQUER,Amazônia,2.0,0.0,0.52,-1.63964,-54.99825,67.7
2024/12/01 17:43:00,AQUA_M-T,Brasil,MARANHÃO,SATUBINHA,Amazônia,17.0,0.0,1.0,-3.96985,-45.2941,41.4
2024/12/01 17:45:00,AQUA_M-T,Brasil,PARÁ,ÓBIDOS,Amazônia,19.0,0.2,1.0,1.89793,-55.70706,25.0
2024/12/01 17:45:00,AQUA_M-T,Brasil,AMAPÁ,CALÇOENE,Amazônia,9.0,0.0,0.59,2.45266,-51.20527,13.7
2024/12/01 17:43:00,AQUA_M-T,Brasil,PARÁ,MOJUÍ DOS CAMPOS,Amazônia,6.0,0.0,0.92,-3.13946,-54.53774,18.2
2024/12/01 17:45:00,AQUA_M-T,Brasil,PARÁ,CURUÇÁ,Amazônia,18.0,0.35,0.92,-0.7397,-47.90557,7.7
2024/12/01 17:45:00,AQUA_M-T,Brasil,RORAIMA,NORMANDIA,Amazônia,13.0,0.0,1.0,3.61445,-60.43047,47.0
2024/12/01 17:43:00,AQUA_M-T,Brasil,PARÁ,PACAJÁ,Amazônia,8.0,0.0,0.97,-3.5915,-50.37093,9.6
2024/12/01 17:45:00,AQUA_M-T,Brasil,PARÁ,PRAINHA,Amazônia,14.0,1.43,0.85,-1.87868,-53.06581,9.0
2024/12/01 17:43:00,AQUA_M-T,Brasil,PARÁ,ACARÁ,Amazônia,6.0,0.44,0.63,-2.29092,-48.5371,11.4
2024/12/01 17:43:00,AQUA_M-T,Brasil,PARÁ,ITUPIRANGA,Amazônia,13.0,0.0,0.96,-5.24207,-50.04887,9.3
2024/12/01 17:43:00,AQUA_M-T,Brasil,PARÁ,PACAJÁ,Amazônia,7.0,0.0,0.98,-3.87302,-50.15434,13.2
2024/12/01 17:43:00,AQUA_M-T,Brasil,MARANHÃO,MONÇÃO,Amazônia,0.0,0.0,1.0,-3.54129,-45.30045,12.5
2024/12/01 17:43:00,AQUA_M-T,Brasil,PARÁ,RONDON DO PARÁ,Amazônia,4.0,0.0,0.31,-4.74941,-48.93766,5.8
2024/12/01 17:43:00,AQUA_M-T,Brasil,PARÁ,BREU BRANCO,Amazônia,10.0,0.0,1.0,-3.59052,-49.48093,10.0
2024/12/01 17:43:00,AQUA_M-T,Brasil,PARÁ,URUARÁ,Amazônia,10.0,0.0,1.0,-3.49687,-53.83914,23.2
2024/12/01 17:45:00,AQUA_M-T,Brasil,PARÁ,ALENQUER,Amazônia,3.0,0.0,0.6,-1.64195,-55.01467,357.6
2024/12/01 17:43:00,AQUA_M-T,Brasil,PARÁ,SENADOR JOSÉ PORFÍRIO,Amazônia,22.0,0.0,0.95,-3.70804,-52.19267,14.8
2024/12/01 17:45:00,AQUA_M-T,Brasil,PARÁ,MONTE ALEGRE,Amazônia,0.0,0.0,0.63,-1.26854,-54.5623,22.6
2024/12/01 17:43:00,AQUA_M-T,Brasil,MARANHÃO,ARARI,Amazônia,-999.0,0.16,1.0,-3.54695,-44.63427,65.2
2024/12/01 17:45:00,AQUA_M-T,Brasil,PARÁ,CURUÇÁ,Amazônia,19.0,0.3,0.95,-0.77465,-47.82108,16.5
2024/12/01 17:43:00,AQUA_M-T,Brasil,PARÁ,SÃO FÉLIX DO XINGU,Amazônia,3.0,0.0,0.66,-6.15374,-52.05314,13.2
2024/12/01 17:43:00,AQUA_M-T,Brasil,PARÁ,ITUPIRANGA,Amazônia,8.0,0.0,0.62,-5.2861,-50.03679,6.6
2024/12/01 17:43:00,AQUA_M-T,Brasil,PARÁ,PACAJÁ,Amazônia,11.0,0.0,0.94,-3.62024,-50.19069,11.5
2024/12/01 17:43:00,AQUA_M-T,Brasil,PARÁ,IPIXUNA DO PARÁ,Amazônia,6.0,0.0,0.87,-2.73748,-47.99336,9.0
2024/12/01 17:43:00,AQUA_M-T,Brasil,MARANHÃO,GOVERNADOR NUNES FREIRE,Amazônia,54.0,0.2,1.0,-1.87605,-45.8287,79.6
2024/12/01 17:43:00,AQUA_M-T,Brasil,PARÁ,BREU BRANCO,Amazônia,9.0,0.0,0.58,-3.53338,-49.27396,5.3
2024/12/01 17:43:00,AQUA_M-T,Brasil,PARÁ,OEIRAS DO PARÁ,Amazônia,6.0,0.0,0.33,-2.6475,-49.91083,4.8
2024/12/01 17:43:00,AQUA_M-T,Brasil,MARANHÃO,BOM JARDIM,Amazônia,8.0,0.2,1.0,-4.26409,-46.90648,16.8
2024/12/01 17:43:00,AQUA_M-T,Brasil,PARÁ,PACAJÁ,Amazônia,12.0,0.0,0.97,-3.67502,-50.25074,11.4
2024/12/01 17:43:00,AQUA_M-T,Brasil,PARÁ,PORTEL,Amazônia,5.0,2.85,0.43,-2.74676,-51.75668,20.3
2024/12/01 17:43:00,AQUA_M-T,Brasil,PARÁ,BAIÃO,Amazônia,6.0,0.0,0.32,-2.80357,-49.77671,6.8
2024/12/01 17:43:00,AQUA_M-T,Brasil,PARÁ,MOJU,Amazônia,10.0,0.0,0.3,-3.19537,-49.24052,12.6
2024/12/01 17:45:00,AQUA_M-T,Brasil,AMAPÁ,AMAPÁ,Amazônia,17.0,0.0,1.0,1.94562,-50.82325,7.4
2024/12/01 17:43:00,AQUA_M-T,Brasil,PARÁ,NOVO REPARTIMENTO,Amazônia,11.0,0.0,0.84,-4.41305,-50.82339,27.1
2024/12/01 17:45:00,AQUA_M-T,Brasil,PARÁ,ALMEIRIM,Amazônia,17.0,0.0,0.87,-1.07476,-53.23577,10.7
2024/12/01 17:43:00,AQUA_M-T,Brasil,MARANHÃO,SANTA LUZIA,Amazônia,7.0,0.0,1.0,-4.63396,-46.16462,34.5
2024/12/01 17:43:00,AQUA_M-T,Brasil,MARANHÃO,BOM JESUS DAS SELVAS,Amazônia,5.0,0.0,0.83,-4.6663,-46.87217,170.3
2024/12/01 17:43:00,AQUA_M-T,Brasil,PARÁ,ITUPIRANGA,Amazônia,4.0,0.0,1.0,-4.99873,-50.02182,10.3
2024/12/01 17:45:00,AQUA_M-T,Brasil,PARÁ,ALENQUER,Amazônia,1.0,0.0,0.49,-1.42821,-54.9477,30.0
2024/12/01 17:45:00,AQUA_M-T,Brasil,PARÁ,CHAVES,Amazônia,15.0,0.82,0.78,0.04933,-49.90046,9.3
2024/12/01 17:43:00,AQUA_M-T,Brasil,PARÁ,PRAINHA,Amazônia,25.0,0.41,0.94,-2.45255,-53.61889,53.2
2024/12/01 17:43:00,AQUA_M-T,Brasil,MARANHÃO,BURITICUPU,Amazônia,12.0,0.57,0.97,-4.4265,-46.30217,47.3
2024/12/01 17:43:00,AQUA_M-T,Brasil,PARÁ,SÃO FÉLIX DO XINGU,Amazônia,4.0,0.0,0.55,-5.76994,-51.28893,10.0
2024/12/01 17:43:00,AQUA_M-T,Brasil,MARANHÃO,BOM JARDIM,Amazônia,5.0,0.89,0.89,-3.90434,-46.57999,36.8
2024/12/01 17:43:00,AQUA_M-T,Brasil,MARANHÃO,BOM JARDIM,Amazônia,6.0,0.0,0.82,-4.05643,-46.81732,11.2
2024/12/01 17:43:00,AQUA_M-T,Brasil,MARANHÃO,CENTRO NOVO DO MARANHÃO,Amazônia,6.0,0.0,1.0,-2.41423,-46.33054,58.6
2024/12/01 17:43:00,AQUA_M-T,Brasil,PARÁ,TAILÂNDIA,Amazônia,5.0,1.63,0.62,-2.80836,-48.66713,13.3
2024/12/01 17:43:00,AQUA_M-T,Brasil,PARÁ,IPIXUNA DO PARÁ,Amazônia,6.0,0.0,0.86,-2.73613,-47.98411,10.8
2024/12/01 17:43:00,AQUA_M-T,Brasil,PARÁ,ANAPU,Amazônia,12.0,0.0,0.8,-3.38589,-51.24355,11.5
2024/12/01 17:43:00,AQUA_M-T,Brasil,MARANHÃO,SANTA LUZIA,Amazônia,8.0,1.24,1.0,-4.31189,-45.86994,18.3
2024/12/01 17:43:00,AQUA_M-T,Brasil,PARÁ,NOVO REPARTIMENTO,Amazônia,2.0,16.6,0.01,-4.45173,-49.68777,9.2
2024/12/01 17:43:00,AQUA_M-T,Brasil,PARÁ,NOVO REPARTIMENTO,Amazônia,5.0,0.0,1.0,-4.89699,-50.66775,10.6
2024/12/01 17:45:00,AQUA_M-T,Brasil,AMAPÁ,VITÓRIA DO JARI,Amazônia,5.0,1.78,0.64,-1.13675,-52.10006,12.8
2024/12/01 17:43:00,AQUA_M-T,Brasil,PARÁ,PACAJÁ,Amazônia,6.0,0.0,1.0,-3.74252,-50.65437,7.2
2024/12/01 17:43:00,AQUA_M-T,Brasil,PARÁ,ALTAMIRA,Amazônia,20.0,0.0,0.98,-3.85463,-52.35475,15.1
2024/12/01 17:43:00,AQUA_M-T,Brasil,AMAZONAS,BOA VISTA DO RAMOS,Amazônia,5.0,0.0,0.34,-3.21514,-57.57578,35.2
2024/12/01 17:43:00,AQUA_M-T,Brasil,PARÁ,RONDON DO PARÁ,Amazônia,10.0,0.1,0.77,-4.32147,-48.10223,21.4
2024/12/01 17:43:00,AQUA_M-T,Brasil,MARANHÃO,CIDELÂNDIA,Amazônia,3.0,0.0,0.25,-5.23533,-47.84264,13.9
2024/12/01 17:43:00,AQUA_M-T,Brasil,PARÁ,NOVO REPARTIMENTO,Amazônia,14.0,0.0,0.87,-4.46256,-50.79113,23.7
2024/12/01 17:43:00,AQUA_M-T,Brasil,PARÁ,ACARÁ,Amazônia,6.0,0.0,1.0,-2.36617,-48.55356,6.2
2024/12/01 17:43:00,AQUA_M-T,Brasil,PARÁ,URUARÁ,Amazônia,18.0,0.0,1.0,-3.21343,-54.18157,19.4
2024/12/01 17:43:00,AQUA_M-T,Brasil,PARÁ,PARAGOMINAS,Amazônia,7.0,0.0,0.92,-2.59323,-46.5798,8.7
2024/12/01 17:43:00,AQUA_M-T,Brasil,PARÁ,ITUPIRANGA,Amazônia,5.0,0.0,1.0,-5.21665,-50.1276,101.8
2024/12/01 17:43:00,AQUA_M-T,Brasil,MARANHÃO,SÃO BENTO,Amazônia,24.0,0.0,1.0,-2.88123,-45.1913,24.3
2024/12/01 17:45:00,AQUA_M-T,Brasil,PARÁ,MELGAÇO,Amazônia,5.0,1.97,0.88,-1.81731,-50.79821,12.4
2024/12/01 17:43:00,AQUA_M-T,Brasil,PARÁ,RONDON DO PARÁ,Amazônia,10.0,0.1,0.78,-4.32015,-48.09322,48.8
2024/12/01 17:43:00,AQUA_M-T,Brasil,PARÁ,MOCAJUBA,Amazônia,5.0,1.04,0.25,-2.50134,-49.33991,16.4
2024/12/01 17:43:00,AQUA_M-T,Brasil,AMAZONAS,BARREIRINHA,Amazônia,5.0,0.0,0.35,-3.15535,-57.35948,58.3
2024/12/01 17:43:00,AQUA_M-T,Brasil,PARÁ,PORTEL,Amazônia,5.0,1.09,0.51,-2.04912,-51.18883,9.9
2024/12/01 17:43:00,AQUA_M-T,Brasil,MARANHÃO,SANTA LUZIA DO PARUÁ,Amazônia,18.0,0.0,1.0,-2.44071,-45.69435,20.6
2024/12/01 17:43:00,AQUA_M-T,Brasil,PARÁ,PORTEL,Amazônia,5.0,0.0,0.55,-2.03104,-50.61895,11.5
2024/12/01 17:43:00,AQUA_M-T,Brasil,MARANHÃO,ALTO ALEGRE DO PINDARÉ,Amazônia,10.0,0.0,1.0,-4.13219,-46.17733,57.5
2024/12/01 17:43:00,AQUA_M-T,Brasil,PARÁ,ITUPIRANGA,Amazônia,13.0,0.0,0.95,-5.25107,-50.04758,24.3
2024/12/01 17:45:00,AQUA_M-T,Brasil,AMAPÁ,MAZAGÃO,Amazônia,-999.0,1.64,0.57,-0.20884,-51.34958,16.9
2024/12/01 17:43:00,AQUA_M-T,Brasil,PARÁ,PACAJÁ,Amazônia,6.0,0.0,1.0,-3.74118,-50.64507,17.2
2024/12/01 17:43:00,AQUA_M-T,Brasil,PARÁ,NOVO REPARTIMENTO,Amazônia,1.0,10.15,0.01,-4.40118,-49.77713,15.1
2024/12/01 17:43:00,AQUA_M-T,Brasil,PARÁ,PORTEL,Amazônia,5.0,11.62,0.65,-2.37328,-51.75783,11.2
2024/12/01 17:43:00,AQUA_M-T,Brasil,PARÁ,PRAINHA,Amazônia,17.0,0.0,1.0,-2.4649,-54.00962,24.5
2024/12/01 17:45:00,AQUA_M-T,Brasil,PARÁ,PRAINHA,Amazônia,16.0,0.0,1.0,-2.27343,-53.62444,40.2
2024/12/01 17:45:00,AQUA_M-T,Brasil,PARÁ,ALENQUER,Amazônia,2.0,0.1,0.63,-1.42891,-55.28708,11.0
2024/12/01 17:43:00,AQUA_M-T,Brasil,MARANHÃO,CIDELÂNDIA,Amazônia,4.0,0.0,0.3,-5.19531,-47.89217,7.6
2024/12/01 17:45:00,AQUA_M-T,Brasil,RORAIMA,BONFIM,Amazônia,13.0,0.0,1.0,3.18475,-60.21615,37.5
2024/12/01 17:45:00,AQUA_M-T,Brasil,RORAIMA,SÃO LUIZ,Amazônia,5.0,0.0,0.53,0.752,-60.17696,45.8
2024/12/01 17:43:00,AQUA_M-T,Brasil,PARÁ,DOM ELISEU,Amazônia,10.0,0.0,1.0,-4.5136,-47.64483,7.5
2024/12/01 17:43:00,AQUA_M-T,Brasil,MARANHÃO,SANTA LUZIA,Amazônia,9.0,0.0,0.98,-4.59986,-46.1364,27.7
2024/12/01 17:43:00,AQUA_M-T,Brasil,MARANHÃO,SATUBINHA,Amazônia,20.0,0.0,1.0,-3.85147,-45.26749,11.8
2024/12/01 17:43:00,AQUA_M-T,Brasil,MARANHÃO,CÂNDIDO MENDES,Amazônia,39.0,0.21,1.0,-1.81109,-45.79334,19.3
2024/12/01 17:43:00,AQUA_M-T,Brasil,PARÁ,MEDICILÂNDIA,Amazônia,15.0,0.0,1.0,-3.09067,-53.23895,38.0
2024/12/01 17:45:00,AQUA_M-T,Brasil,PARÁ,ÓBIDOS,Amazônia,13.0,0.0,0.99,-1.77648,-55.27034,18.0
2024/12/01 17:45:00,AQUA_M-T,Brasil,PARÁ,PORTO DE MOZ,Amazônia,14.0,0.94,1.0,-1.90766,-52.9107,14.2
2024/12/01 17:45:00,AQUA_M-T,Brasil,AMAPÁ,CALÇOENE,Amazônia,-999.0,0.2,0.96,2.48168,-50.82182,10.0
2024/12/01 17:45:00,AQUA_M-T,Brasil,PARÁ,PRAINHA,Amazônia,11.0,1.3,-999.0,-1.89143,-53.29943,17.1
2024/12/01 17:45:00,AQUA_M-T,Brasil,AMAPÁ,VITÓRIA DO JARI,Amazônia,5.0,4.21,0.25,-0.9743,-51.78886,22.9
2024/12/01 17:43:00,AQUA_M-T,Brasil,MARANHÃO,BOM JARDIM,Amazônia,6.0,0.0,0.96,-4.28782,-47.06438,10.0
2024/12/01 17:43:00,AQUA_M-T,Brasil,PARÁ,NOVO REPARTIMENTO,Amazônia,5.0,0.0,0.91,-4.5737,-50.59343,8.0
2024/12/01 17:43:00,AQUA_M-T,Brasil,PARÁ,PORTEL,Amazônia,5.0,0.08,0.6,-2.15312,-50.63169,18.2
2024/12/01 17:43:00,AQUA_M-T,Brasil,PARÁ,ANAPU,Amazônia,9.0,0.0,0.74,-2.99238,-51.33493,20.3
2024/12/01 17:43:00,AQUA_M-T,Brasil,PARÁ,TAILÂNDIA,Amazônia,11.0,2.42,0.48,-2.85762,-48.56314,47.2
2024/12/01 17:43:00,AQUA_M-T,Brasil,MARANHÃO,BOM JESUS DAS SELVAS,Amazônia,6.0,0.0,0.93,-4.59778,-46.5421,12.4
2024/12/01 17:43:00,AQUA_M-T,Brasil,PARÁ,PACAJÁ,Amazônia,14.0,0.0,0.88,-4.10458,-50.981,18.8
2024/12/01 17:43:00,AQUA_M-T,Brasil,MARANHÃO,PAULO RAMOS,Amazônia,6.0,0.0,1.0,-4.43443,-45.5302,12.2
2024/12/01 17:43:00,AQUA_M-T,Brasil,PARÁ,VISEU,Amazônia,6.0,0.18,0.97,-1.81672,-46.65568,58.6
2024/12/01 17:45:00,AQUA_M-T,Brasil,PARÁ,GURUPÁ,Amazônia,5.0,2.94,0.31,-1.23518,-51.61255,16.8
2024/12/01 17:43:00,AQUA_M-T,Brasil,PARÁ,BOM JESUS DO TOCANTINS,Amazônia,4.0,0.0,0.66,-4.81467,-48.62492,58.0
2024/12/01 17:43:00,AQUA_M-T,Brasil,PARÁ,MOJU,Amazônia,5.0,20.48,0.0,-2.18543,-48.82938,36.0
2024/12/01 17:43:00,AQUA_M-T,Brasil,PARÁ,NOVO REPARTIMENTO,Amazônia,2.0,0.97,0.41,-4.07663,-50.023,23.7
2024/12/01 17:43:00,AQUA_M-T,Brasil,PARÁ,TOMÉ-AÇU,Amazônia,6.0,0.0,0.97,-2.78844,-48.09298,21.6
2024/12/01 17:45:00,AQUA_M-T,Brasil,PARÁ,PRAINHA,Amazônia,17.0,0.0,0.94,-1.38737,-53.56125,49.7
2024/12/01 17:43:00,AQUA_M-T,Brasil,PARÁ,IPIXUNA DO PARÁ,Amazônia,6.0,0.0,0.99,-3.01377,-48.0568,11.9
2024/12/01 17:43:00,AQUA_M-T,Brasil,PARÁ,PACAJÁ,Amazônia,7.0,0.0,0.81,-3.31511,-50.12514,8.5
2024/12/01 17:43:00,AQUA_M-T,Brasil,PARÁ,OEIRAS DO PARÁ,Amazônia,6.0,0.0,0.27,-2.54227,-49.88772,23.4
2024/12/01 17:43:00,AQUA_M-T,Brasil,MARANHÃO,MARANHÃOZINHO,Amazônia,12.0,0.0,1.0,-2.58135,-46.01171,17.2
2024/12/01 17:43:00,AQUA_M-T,Brasil,PARÁ,RONDON DO PARÁ,Amazônia,5.0,0.0,0.94,-4.60384,-48.71085,30.4
2024/12/01 17:43:00,AQUA_M-T,Brasil,PARÁ,TOMÉ-AÇU,Amazônia,6.0,0.0,0.92,-2.62883,-48.32448,8.9
2024/12/01 17:45:00,AQUA_M-T,Brasil,PARÁ,ORIXIMINÁ,Amazônia,11.0,0.0,0.6,1.73511,-56.37128,6.4
2024/12/01 17:43:00,AQUA_M-T,Brasil,PARÁ,PORTEL,Amazônia,6.0,0.0,0.65,-1.95397,-50.7912,12.1
2024/12/01 17:43:00,AQUA_M-T,Brasil,PARÁ,CAMETÁ,Amazônia,5.0,1.2,0.33,-2.23328,-49.66348,21.7
2024/12/01 17:43:00,AQUA_M-T,Brasil,PARÁ,NOVO REPARTIMENTO,Amazônia,2.0,8.45,0.23,-4.50004,-49.63861,10.0
2024/12/01 17:43:00,AQUA_M-T,Brasil,MARANHÃO,BOM JESUS DAS SELVAS,Amazônia,14.0,1.44,0.91,-4.3386,-46.52539,6.3
2024/12/01 17:43:00,AQUA_M-T,Brasil,MARANHÃO,CENTRO NOVO DO MARANHÃO,Amazônia,2.0,0.0,0.83,-2.68149,-46.615,68.9
2024/12/01 17:43:00,AQUA_M-T,Brasil,MARANHÃO,BREJO DE AREIA,Amazônia,6.0,0.0,1.0,-4.28283,-45.54115,21.0
2024/12/01 17:43:00,AQUA_M-T,Brasil,MARANHÃO,BOM JARDIM,Amazônia,6.0,0.0,0.93,-3.93513,-46.72321,12.7
2024/12/01 17:43:00,AQUA_M-T,Brasil,PARÁ,PACAJÁ,Amazônia,14.0,0.0,0.86,-3.89134,-50.08062,9.1
2024/12/01 17:45:00,AQUA_M-T,Brasil,PARÁ,ÓBIDOS,Amazônia,5.0,0.2,0.6,-1.41572,-55.40018,210.6
2024/12/01 17:43:00,AQUA_M-T,Brasil,PARÁ,ITUPIRANGA,Amazônia,12.0,0.0,0.66,-5.24074,-50.03968,16.0
2024/12/01 17:43:00,AQUA_M-T,Brasil,MARANHÃO,SÃO JOÃO BATISTA,Amazônia,20.0,0.0,1.0,-2.94755,-44.92002,20.5
2024/12/01 17:45:00,AQUA_M-T,Brasil,PARÁ,CURUÁ,Amazônia,17.0,0.0,0.87,-2.11541,-55.07619,16.7
2024/12/01 17:43:00,AQUA_M-T,Brasil,PARÁ,ANAPU,Amazônia,15.0,0.19,0.73,-2.9259,-51.45174,10.6
2024/12/01 17:43:00,AQUA_M-T,Brasil,PARÁ,RONDON DO PARÁ,Amazônia,5.0,0.0,0.43,-4.60512,-48.71966,13.7
2024/12/01 17:43:00,AQUA_M-T,Brasil,PARÁ,SENADOR JOSÉ PORFÍRIO,Amazônia,15.0,2.02,0.99,-2.94681,-51.79963,11.8
2024/12/01 17:43:00,AQUA_M-T,Brasil,PARÁ,PLACAS,Amazônia,15.0,0.0,0.91,-4.09532,-54.07974,49.6
2024/12/01 17:43:00,AQUA_M-T,Brasil,PARÁ,OEIRAS DO PARÁ,Amazônia,6.0,0.0,0.33,-2.80485,-49.78553,5.5
2024/12/01 17:45:00,AQUA_M-T,Brasil,PARÁ,ALMEIRIM,Amazônia,15.0,0.0,0.87,-1.30667,-52.86442,44.9
2024/12/01 17:43:00,AQUA_M-T,Brasil,PARÁ,PORTEL,Amazônia,6.0,0.0,0.59,-3.28468,-50.16624,8.4
2024/12/01 17:45:00,AQUA_M-T,Brasil,PARÁ,JURUTI,Amazônia,5.0,0.0,0.64,-2.26552,-56.01176,23.3
2024/12/01 17:43:00,AQUA_M-T,Brasil,MARANHÃO,BOM JARDIM,Amazônia,6.0,0.8,0.92,-3.83264,-46.55834,13.4
2024/12/01 17:43:00,AQUA_M-T,Brasil,PARÁ,TAILÂNDIA,Amazônia,11.0,2.33,0.51,-2.8652,-48.5529,10.5
2024/12/01 17:43:00,AQUA_M-T,Brasil,MARANHÃO,PAULO RAMOS,Amazônia,6.0,0.0,0.96,-4.53303,-45.70086,22.4
2024/12/01 17:45:00,AQUA_M-T,Brasil,PARÁ,JURUTI,Amazônia,5.0,0.0,0.65,-2.24986,-55.89666,29.7
2024/12/01 17:43:00,AQUA_M-T,Brasil,PARÁ,PRAINHA,Amazônia,14.0,0.0,1.0,-2.62433,-53.34988,92.4
2024/12/01 17:43:00,AQUA_M-T,Brasil,MARANHÃO,BOM JARDIM,Amazônia,6.0,0.0,0.81,-4.04445,-46.83508,12.7
2024/12/01 17:43:00,AQUA_M-T,Brasil,PARÁ,PORTEL,Amazônia,6.0,0.0,0.55,-2.03235,-50.62801,11.1
2024/12/01 17:43:00,AQUA_M-T,Brasil,PARÁ,PACAJÁ,Amazônia,11.0,0.0,0.91,-3.6017,-49.99492,7.7
2024/12/01 17:43:00,AQUA_M-T,Brasil,PARÁ,PORTEL,Amazônia,5.0,0.07,0.6,-2.15181,-50.6226,14.4
2024/12/01 17:45:00,AQUA_M-T,Brasil,PARÁ,ORIXIMINÁ,Amazônia,5.0,0.0,0.42,-1.49618,-55.84916,32.5
2024/12/01 17:43:00,AQUA_M-T,Brasil,PARÁ,SENADOR JOSÉ PORFÍRIO,Amazônia,19.0,0.0,0.94,-3.96434,-52.12649,11.5
2024/12/01 17:45:00,AQUA_M-T,Brasil,PARÁ,PORTEL,Amazônia,5.0,0.94,0.49,-1.91029,-51.50531,6.4
2024/12/01 17:43:00,AQUA_M-T,Brasil,PARÁ,PRAINHA,Amazônia,15.0,0.4,0.96,-2.54272,-53.41949,286.9
2024/12/01 17:45:00,AQUA_M-T,Brasil,PARÁ,PRAINHA,Amazônia,17.0,0.0,0.94,-1.38553,-53.54855,21.7
2024/12/01 17:43:00,AQUA_M-T,Brasil,PARÁ,DOM ELISEU,Amazônia,7.0,0.0,0.68,-3.99101,-47.91888,6.9
2024/12/01 17:43:00,AQUA_M-T,Brasil,PARÁ,MOJU,Amazônia,9.0,0.0,0.36,-3.10555,-49.50143,26.8
2024/12/01 17:43:00,AQUA_M-T,Brasil,PARÁ,MOJU,Amazônia,6.0,0.0,0.33,-3.04048,-49.38301,10.2
2024/12/01 17:43:00,AQUA_M-T,Brasil,PARÁ,PRAINHA,Amazônia,25.0,0.5,0.93,-2.46519,-53.6304,36.0
2024/12/01 17:43:00,AQUA_M-T,Brasil,MARANHÃO,TURILÂNDIA,Amazônia,19.0,0.0,1.0,-2.34484,-45.52166,18.0
2024/12/01 17:43:00,AQUA_M-T,Brasil,PARÁ,PORTEL,Amazônia,8.0,0.0,0.67,-3.05439,-51.06348,10.4
2024/12/01 17:45:00,AQUA_M-T,Brasil,PARÁ,ÓBIDOS,Amazônia,5.0,0.0,0.8,-1.66925,-55.50926,177.6
2024/12/01 17:43:00,AQUA_M-T,Brasil,PARÁ,MOJU,Amazônia,6.0,0.0,0.32,-3.0392,-49.37424,17.9
2024/12/01 17:43:00,AQUA_M-T,Brasil,PARÁ,SANTARÉM,Amazônia,26.0,0.0,1.0,-2.48268,-54.4603,39.4
2024/12/01 17:43:00,AQUA_M-T,Brasil,PARÁ,PRAINHA,Amazônia,15.0,0.0,1.0,-2.63667,-53.3611,3177.0
2024/12/01 17:43:00,AQUA_M-T,Brasil,PARÁ,RONDON DO PARÁ,Amazônia,4.0,0.0,0.51,-4.71815,-48.85821,7.9
2024/12/01 17:43:00,AQUA_M-T,Brasil,PARÁ,MEDICILÂNDIA,Amazônia,15.0,0.0,1.0,-3.09431,-53.2644,43.6
2024/12/01 17:43:00,AQUA_M-T,Brasil,PARÁ,SÃO FÉLIX DO XINGU,Amazônia,4.0,0.0,0.17,-5.65076,-51.4695,18.4
2024/12/01 17:43:00,AQUA_M-T,Brasil,PARÁ,SÃO FÉLIX DO XINGU,Amazônia,5.0,0.0,0.57,-5.34824,-50.9165,7.8
2024/12/01 17:43:00,AQUA_M-T,Brasil,PARÁ,MOJUÍ DOS CAMPOS,Amazônia,6.0,0.0,0.98,-3.12779,-54.53938,39.3
2024/12/01 17:43:00,AQUA_M-T,Brasil,PARÁ,SENADOR JOSÉ PORFÍRIO,Amazônia,20.0,0.0,0.93,-3.8051,-51.9322,21.4
2024/12/01 17:45:00,AQUA_M-T,Brasil,RORAIMA,BONFIM,Amazônia,14.0,0.0,1.0,3.19017,-60.18082,32.7
2024/12/01 17:43:00,AQUA_M-T,Brasil,PARÁ,NOVO REPARTIMENTO,Amazônia,16.0,0.0,0.86,-4.18976,-50.68318,106.2
2024/12/01 17:43:00,AQUA_M-T,Brasil,PARÁ,OEIRAS DO PARÁ,Amazônia,6.0,0.0,0.28,-2.54355,-49.89655,18.0
2024/12/01 17:43:00,AQUA_M-T,Brasil,PARÁ,MOJU,Amazônia,6.0,0.0,0.48,-2.61766,-49.13803,6.0
2024/12/01 17:45:00,AQUA_M-T,Brasil,PARÁ,PRAINHA,Amazônia,15.0,0.07,1.0,-2.2178,-53.57072,19.8
2024/12/01 17:43:00,AQUA_M-T,Brasil,PARÁ,NOVO REPARTIMENTO,Amazônia,6.0,0.0,0.9,-4.34097,-50.77201,9.2
2024/12/01 17:43:00,AQUA_M-T,Brasil,PARÁ,PACAJÁ,Amazônia,10.0,0.0,0.94,-3.99259,-51.04362,6.0
2024/12/01 17:43:00,AQUA_M-T,Brasil,PARÁ,PACAJÁ,Amazônia,7.0,0.0,0.62,-3.30621,-50.12645,39.9
2024/12/01 17:43:00,AQUA_M-T,Brasil,PARÁ,SÃO DOMINGOS DO CAPIM,Amazônia,1.0,1.2,0.6,-1.82219,-47.80007,12.3
2024/12/01 17:43:00,AQUA_M-T,Brasil,PARÁ,SENADOR JOSÉ PORFÍRIO,Amazônia,20.0,0.0,0.9,-3.69558,-51.81312,17.5
2024/12/01 17:43:00,AQUA_M-T,Brasil,PARÁ,PORTEL,Amazônia,8.0,0.0,0.94,-3.25014,-50.75595,11.3
2024/12/01 17:43:00,AQUA_M-T,Brasil,PARÁ,PRAINHA,Amazônia,15.0,0.0,1.0,-2.61561,-53.36414,104.2
2024/12/01 17:43:00,AQUA_M-T,Brasil,MARANHÃO,CIDELÂNDIA,Amazônia,3.0,0.0,0.25,-5.2264,-47.84399,32.5
2024/12/01 17:43:00,AQUA_M-T,Brasil,MARANHÃO,CÂNDIDO MENDES,Amazônia,34.0,0.4,1.0,-1.81666,-45.83053,15.5
2024/12/01 17:43:00,AQUA_M-T,Brasil,MARANHÃO,BOM JARDIM,Amazônia,5.0,0.79,0.91,-3.90588,-46.59044,7.2
2024/12/01 17:43:00,AQUA_M-T,Brasil,MARANHÃO,GOVERNADOR NUNES FREIRE,Amazônia,18.0,0.0,0.99,-2.13338,-45.96461,25.1
2024/12/01 17:43:00,AQUA_M-T,Brasil,PARÁ,CAMETÁ,Amazônia,5.0,0.1,0.33,-2.36458,-49.73061,11.3
2024/12/01 17:43:00,AQUA_M-T,Brasil,PARÁ,PRAINHA,Amazônia,14.0,0.0,1.0,-2.64537,-53.34678,46.8
2024/12/01 17:43:00,AQUA_M-T,Brasil,PARÁ,OEIRAS DO PARÁ,Amazônia,6.0,0.0,0.36,-2.78347,-49.82469,8.2
2024/12/01 17:45:00,AQUA_M-T,Brasil,AMAPÁ,PRACUÚBA,Amazônia,17.0,0.0,0.86,1.67307,-50.66571,12.4
2024/12/01 17:43:00,AQUA_M-T,Brasil,PARÁ,NOVO REPARTIMENTO,Amazônia,14.0,0.0,0.84,-4.46901,-50.77058,11.4
2024/12/01 17:45:00,AQUA_M-T,Brasil,PARÁ,GURUPÁ,Amazônia,5.0,3.23,0.27,-1.25673,-51.58413,11.6
2024/12/01 17:45:00,AQUA_M-T,Brasil,PARÁ,ÓBIDOS,Amazônia,13.0,0.0,0.85,-1.77094,-55.2839,41.8
2024/12/01 17:45:00,AQUA_M-T,Brasil,PARÁ,ORIXIMINÁ,Amazônia,18.0,0.0,0.95,1.15791,-56.0227,120.5
2024/12/01 17:43:00,AQUA_M-T,Brasil,PARÁ,PACAJÁ,Amazônia,7.0,0.0,0.58,-3.3049,-50.11747,86.0
2024/12/01 17:43:00,AQUA_M-T,Brasil,PARÁ,ANAPU,Amazônia,11.0,0.0,0.87,-3.88115,-51.41603,10.8
2024/12/01 17:43:00,AQUA_M-T,Brasil,PARÁ,PARAGOMINAS,Amazônia,5.0,0.0,1.0,-2.62879,-46.95191,16.7
2024/12/01 17:43:00,AQUA_M-T,Brasil,PARÁ,SANTARÉM,Amazônia,5.0,0.0,0.89,-2.77354,-55.3528,33.7
2024/12/01 17:43:00,AQUA_M-T,Brasil,PARÁ,PORTEL,Amazônia,5.0,1.15,0.51,-2.05048,-51.1983,31.1
2024/12/01 17:43:00,AQUA_M-T,Brasil,PARÁ,PORTEL,Amazônia,9.0,0.83,0.58,-2.33496,-50.67672,5.9
2024/12/01 17:45:00,AQUA_M-T,Brasil,AMAPÁ,PRACUÚBA,Amazônia,7.0,0.0,0.62,1.60975,-50.96597,9.3
2024/12/01 17:45:00,AQUA_M-T,Brasil,AMAPÁ,MAZAGÃO,Amazônia,-999.0,1.27,0.64,-0.17317,-51.36128,6.5
2024/12/01 17:43:00,AQUA_M-T,Brasil,PARÁ,ITUPIRANGA,Amazônia,9.0,0.0,1.0,-5.11809,-49.89647,28.4
2024/12/01 17:43:00,AQUA_M-T,Brasil,PARÁ,NOVA ESPERANÇA DO PIRIÁ,Amazônia,2.0,0.0,0.89,-2.46235,-46.58277,14.5
2024/12/01 17:43:00,AQUA_M-T,Brasil,PARÁ,TAILÂNDIA,Amazônia,7.0,1.66,0.72,-2.80944,-48.61242,10.4
2024/12/01 17:45:00,AQUA_M-T,Brasil,AMAZONAS,SÃO SEBASTIÃO DO UATUMÃ,Amazônia,4.0,1.27,0.31,-2.3482,-57.99585,34.6
2024/12/01 17:45:00,AQUA_M-T,Brasil,PARÁ,GURUPÁ,Amazônia,4.0,13.39,0.01,-0.80281,-51.24509,5.9
2024/12/01 17:45:00,AQUA_M-T,Brasil,AMAZONAS,NHAMUNDÁ,Amazônia,9.0,0.0,0.52,-1.13988,-58.07062,56.3
2024/12/01 17:43:00,AQUA_M-T,Brasil,PARÁ,PACAJÁ,Amazônia,7.0,0.0,0.93,-3.50129,-50.32539,59.1
2024/12/01 17:43:00,AQUA_M-T,Brasil,PARÁ,PRAINHA,Amazônia,14.0,0.0,1.0,-2.64905,-53.37242,134.8
2024/12/01 17:45:00,AQUA_M-T,Brasil,PARÁ,ALMEIRIM,Amazônia,17.0,0.0,0.9,-1.4347,-53.39468,10.1
2024/12/01 17:45:00,AQUA_M-T,Brasil,PARÁ,PRAINHA,Amazônia,16.0,0.0,1.0,-2.27157,-53.61122,387.0
2024/12/01 17:43:00,AQUA_M-T,Brasil,PARÁ,GOIANÉSIA DO PARÁ,Amazônia,9.0,0.0,0.79,-3.65363,-48.89419,15.0
2024/12/01 17:43:00,AQUA_M-T,Brasil,PARÁ,PACAJÁ,Amazônia,13.0,0.0,0.87,-4.10599,-50.99065,12.1
2024/12/01 17:43:00,AQUA_M-T,Brasil,PARÁ,PRAINHA,Amazônia,15.0,0.0,1.0,-2.6385,-53.37391,1461.5
2024/12/01 17:43:00,AQUA_M-T,Brasil,PARÁ,NOVO REPARTIMENTO,Amazônia,9.0,0.0,0.95,-4.34453,-50.47607,17.6
2024/12/01 17:43:00,AQUA_M-T,Brasil,PARÁ,NOVO REPARTIMENTO,Amazônia,6.0,0.27,0.97,-4.11966,-50.32292,31.0
2024/12/01 17:45:00,AQUA_M-T,Brasil,AMAPÁ,AMAPÁ,Amazônia,13.0,0.0,0.96,1.96295,-50.95189,12.3
2024/12/01 17:43:00,AQUA_M-T,Brasil,MARANHÃO,CIDELÂNDIA,Amazônia,3.0,0.0,0.25,-5.22506,-47.83494,26.4
2024/12/01 17:45:00,AQUA_M-T,Brasil,PARÁ,ORIXIMINÁ,Amazônia,4.0,2.6,0.19,-0.855,-57.67951,133.5
2024/12/01 17:45:00,AQUA_M-T,Brasil,AMAPÁ,AMAPÁ,Amazônia,17.0,0.0,1.0,1.94674,-50.8774,15.2
2024/12/01 17:45:00,AQUA_M-T,Brasil,PARÁ,ÓBIDOS,Amazônia,11.0,0.0,0.79,-1.75997,-55.32619,60.1
2024/12/01 17:43:00,AQUA_M-T,Brasil,PARÁ,MEDICILÂNDIA,Amazônia,14.0,0.0,0.98,-3.40745,-53.02815,18.9
2024/12/01 17:45:00,AQUA_M-T,Brasil,AMAPÁ,VITÓRIA DO JARI,Amazônia,5.0,1.12,1.0,-1.21402,-52.09924,23.4
2024/12/01 17:43:00,AQUA_M-T,Brasil,PARÁ,MOJU,Amazônia,6.0,0.0,0.48,-2.61638,-49.12925,9.3
2024/12/01 17:45:00,AQUA_M-T,Brasil,AMAPÁ,MAZAGÃO,Amazônia,4.0,6.15,0.7,-0.74182,-51.785,13.8
2024/12/01 17:45:00,AQUA_M-T,Brasil,AMAZONAS,SÃO SEBASTIÃO DO UATUMÃ,Amazônia,4.0,1.3,0.31,-2.3451,-57.99183,28.3
2024/12/01 17:43:00,AQUA_M-T,Brasil,PARÁ,TOMÉ-AÇU,Amazônia,6.0,0.0,0.86,-2.42888,-48.28276,8.3
2024/12/01 17:43:00,AQUA_M-T,Brasil,PARÁ,SANTARÉM,Amazônia,24.0,0.0,1.0,-2.63203,-54.21701,47.7
2024/12/01 17:43:00,AQUA_M-T,Brasil,MARANHÃO,VITÓRIA DO MEARIM,Amazônia,-999.0,0.0,1.0,-3.46815,-44.88074,17.2
2024/12/01 17:43:00,AQUA_M-T,Brasil,PARÁ,OEIRAS DO PARÁ,Amazônia,4.0,2.23,0.75,-1.94678,-49.78688,41.9
2024/12/01 17:43:00,AQUA_M-T,Brasil,PARÁ,NOVO REPARTIMENTO,Amazônia,5.0,0.0,1.0,-4.90481,-50.65685,18.4
2024/12/01 17:43:00,AQUA_M-T,Brasil,PARÁ,MOJU,Amazônia,6.0,0.15,0.52,-2.55778,-48.91295,6.7
2024/12/01 17:43:00,AQUA_M-T,Brasil,MARANHÃO,SÃO PEDRO DA ÁGUA BRANCA,Amazônia,2.0,0.0,1.0,-5.15952,-48.4591,27.7
2024/12/01 17:45:00,AQUA_M-T,Brasil,PARÁ,GURUPÁ,Amazônia,5.0,1.7,0.79,-1.55933,-52.00389,14.2
2024/12/01 17:43:00,AQUA_M-T,Brasil,PARÁ,OEIRAS DO PARÁ,Amazônia,6.0,0.1,0.38,-2.16657,-49.96709,6.5
2024/12/01 17:45:00,AQUA_M-T,Brasil,PARÁ,PORTO DE MOZ,Amazônia,14.0,1.82,1.0,-1.92778,-52.97948,37.5
2024/12/01 17:45:00,AQUA_M-T,Brasil,AMAPÁ,MAZAGÃO,Amazônia,5.0,5.44,0.35,-0.83879,-51.81409,13.8
2024/12/01 17:45:00,AQUA_M-T,Brasil,AMAPÁ,PRACUÚBA,Amazônia,9.0,0.0,0.95,1.66648,-50.77253,54.6
2024/12/01 17:43:00,AQUA_M-T,Brasil,PARÁ,IPIXUNA DO PARÁ,Amazônia,6.0,0.0,0.97,-2.93985,-47.99255,10.7
2024/12/01 17:43:00,AQUA_M-T,Brasil,PARÁ,RURÓPOLIS,Amazônia,4.0,0.0,0.51,-4.00939,-54.88604,20.5
2024/12/01 17:45:00,AQUA_M-T,Brasil,PARÁ,JURUTI,Amazônia,5.0,0.0,0.65,-2.24861,-55.8918,48.6
2024/12/01 17:45:00,AQUA_M-T,Brasil,PARÁ,PRAINHA,Amazônia,18.0,0.24,0.94,-1.37912,-53.65295,20.2
2024/12/01 17:45:00,AQUA_M-T,Brasil,PARÁ,MELGAÇO,Amazônia,5.0,3.14,0.35,-1.82292,-50.90044,6.7
2024/12/01 17:45:00,AQUA_M-T,Brasil,PARÁ,MELGAÇO,Amazônia,5.0,5.57,0.17,-1.77403,-50.88577,9.1
2024/12/01 17:43:00,AQUA_M-T,Brasil,PARÁ,ANAPU,Amazônia,12.0,0.0,0.84,-3.53931,-51.49346,12.5
2024/12/01 17:43:00,AQUA_M-T,Brasil,PARÁ,BREU BRANCO,Amazônia,5.0,0.0,0.64,-3.96501,-49.4555,20.4
2024/12/01 17:45:00,AQUA_M-T,Brasil,AMAPÁ,VITÓRIA DO JARI,Amazônia,5.0,2.93,0.37,-1.07865,-51.86768,12.2
2024/12/01 17:43:00,AQUA_M-T,Brasil,PARÁ,ACARÁ,Amazônia,6.0,0.0,1.0,-2.36486,-48.54458,8.2
2024/12/01 17:45:00,AQUA_M-T,Brasil,PARÁ,PORTO DE MOZ,Amazônia,14.0,0.72,0.84,-1.91276,-52.87434,15.6
2024/12/01 17:43:00,AQUA_M-T,Brasil,PARÁ,PRAINHA,Amazônia,14.0,0.0,1.0,-2.63485,-53.34834,425.1
2024/12/01 17:45:00,AQUA_M-T,Brasil,AMAPÁ,VITÓRIA DO JARI,Amazônia,5.0,3.28,0.34,-1.05708,-51.8506,10.2
2024/12/01 17:43:00,AQUA_M-T,Brasil,PARÁ,BUJARU,Amazônia,5.0,2.9,0.43,-1.64683,-47.92574,13.2
2024/12/01 17:45:00,AQUA_M-T,Brasil,PARÁ,FARO,Amazônia,8.0,0.0,0.52,-1.14404,-58.09898,49.7
2024/12/01 17:43:00,AQUA_M-T,Brasil,MARANHÃO,GOVERNADOR NUNES FREIRE,Amazônia,56.0,0.2,1.0,-1.87881,-45.82129,55.2
2024/12/01 17:43:00,AQUA_M-T,Brasil,PARÁ,PORTEL,Amazônia,9.0,0.0,0.49,-3.26784,-50.04982,6.8
2024/12/01 17:45:00,AQUA_M-T,Brasil,PARÁ,MELGAÇO,Amazônia,5.0,3.24,0.34,-1.82425,-50.90965,11.2
2024/12/01 17:43:00,AQUA_M-T,Brasil,PARÁ,NOVO REPARTIMENTO,Amazônia,15.0,0.0,0.92,-4.28151,-50.68364,11.0
2024/12/01 17:43:00,AQUA_M-T,Brasil,PARÁ,SENADOR JOSÉ PORFÍRIO,Amazônia,20.0,0.14,0.96,-3.57986,-52.01626,24.0
2024/12/01 17:43:00,AQUA_M-T,Brasil,PARÁ,ALTAMIRA,Amazônia,4.0,0.1,0.03,-6.39259,-53.68175,17.1
2024/12/01 17:43:00,AQUA_M-T,Brasil,PARÁ,RONDON DO PARÁ,Amazônia,3.0,0.0,0.35,-4.60623,-48.52372,38.7
2024/12/01 17:43:00,AQUA_M-T,Brasil,PARÁ,MEDICILÂNDIA,Amazônia,16.0,0.0,1.0,-3.21672,-53.1311,20.3
2024/12/01 17:43:00,AQUA_M-T,Brasil,MARANHÃO,SANTA LUZIA,Amazônia,7.0,0.0,1.0,-4.62427,-46.16617,12.4
2024/12/01 17:43:00,AQUA_M-T,Brasil,PARÁ,PORTEL,Amazônia,5.0,1.0,0.52,-2.13281,-50.9412,7.3
2024/12/01 17:45:00,AQUA_M-T,Brasil,PARÁ,PORTEL,Amazônia,5.0,2.39,0.38,-1.81541,-50.65908,11.8
2024/12/01 17:43:00,AQUA_M-T,Brasil,PARÁ,CAMETÁ,Amazônia,5.0,1.24,0.31,-2.29315,-49.56841,5.1
2024/12/01 17:43:00,AQUA_M-T,Brasil,MARANHÃO,MIRANDA DO NORTE,Amazônia,-999.0,0.3,1.0,-3.54485,-44.62006,44.0
2024/12/01 17:43:00,AQUA_M-T,Brasil,PARÁ,IGARAPÉ-MIRI,Amazônia,5.0,4.77,0.15,-2.33704,-49.17014,45.0
2024/12/01 17:45:00,AQUA_M-T,Brasil,RORAIMA,CAROEBE,Amazônia,5.0,0.0,0.89,0.90649,-59.431,33.3
2024/12/01 17:43:00,AQUA_M-T,Brasil,PARÁ,TUCURUÍ,Amazônia,4.0,0.15,0.4,-4.02715,-49.94501,18.1
2024/12/01 17:45:00,AQUA_M-T,Brasil,AMAPÁ,VITÓRIA DO JARI,Amazônia,5.0,2.66,0.4,-1.09385,-51.90604,11.9
2024/12/01 17:45:00,AQUA_M-T,Brasil,AMAPÁ,MAZAGÃO,Amazônia,5.0,0.12,0.86,-0.25732,-51.62041,23.7
2024/12/01 17:43:00,AQUA_M-T,Brasil,PARÁ,PACAJÁ,Amazônia,7.0,0.0,0.64,-3.30751,-50.13541,39.4
2024/12/01 17:43:00,AQUA_M-T,Brasil,PARÁ,SÃO FÉLIX DO XINGU,Amazônia,3.0,0.0,0.77,-6.15215,-52.04183,15.2
2024/12/01 17:43:00,AQUA_M-T,Brasil,MARANHÃO,PAULO RAMOS,Amazônia,0.0,0.0,1.0,-4.43945,-45.35677,19.6
2024/12/01 17:43:00,AQUA_M-T,Brasil,MARANHÃO,SANTA HELENA,Amazônia,24.0,0.0,1.0,-2.79776,-45.61615,17.7
2024/12/01 17:43:00,AQUA_M-T,Brasil,PARÁ,RONDON DO PARÁ,Amazônia,4.0,0.0,0.59,-4.26977,-48.56169,52.0
2024/12/01 17:43:00,AQUA_M-T,Brasil,PARÁ,URUARÁ,Amazônia,13.0,0.0,1.0,-3.46986,-53.8876,20.5
2024/12/01 17:43:00,AQUA_M-T,Brasil,PARÁ,CAMETÁ,Amazônia,5.0,1.31,0.33,-2.232,-49.65471,13.1
2024/12/01 17:43:00,AQUA_M-T,Brasil,PARÁ,SANTARÉM,Amazônia,13.0,0.0,1.0,-2.93053,-54.13451,15.6
2024/12/01 17:45:00,AQUA_M-T,Brasil,AMAPÁ,VITÓRIA DO JARI,Amazônia,5.0,3.97,0.27,-1.01066,-51.72695,20.4
2024/12/01 17:43:00,AQUA_M-T,Brasil,PARÁ,BELTERRA,Amazônia,12.0,0.0,0.73,-3.15233,-55.1399,15.4
2024/12/01 17:43:00,AQUA_M-T,Brasil,MARANHÃO,PRESIDENTE MÉDICI,Amazônia,17.0,0.0,1.0,-2.34264,-45.79028,14.8
2024/12/01 17:43:00,AQUA_M-T,Brasil,PARÁ,BAIÃO,Amazônia,5.0,0.0,0.28,-2.80773,-49.6087,5.7
2024/12/01 17:43:00,AQUA_M-T,Brasil,PARÁ,RONDON DO PARÁ,Amazônia,3.0,0.0,0.53,-4.60752,-48.53253,170.3
2024/12/01 17:43:00,AQUA_M-T,Brasil,PARÁ,ACARÁ,Amazônia,5.0,4.39,0.19,-1.96388,-48.38811,89.1
2024/12/01 17:45:00,AQUA_M-T,Brasil,PARÁ,SALVATERRA,Amazônia,-999.0,2.86,0.83,-0.84866,-48.52314,7.9
2024/12/01 17:43:00,AQUA_M-T,Brasil,PARÁ,MEDICILÂNDIA,Amazônia,16.0,0.0,0.93,-3.28094,-53.35835,165.6
2024/12/01 17:43:00,AQUA_M-T,Brasil,PARÁ,MEDICILÂNDIA,Amazônia,15.0,0.0,1.0,-3.13028,-53.09887,15.8
2024/12/01 17:43:00,AQUA_M-T,Brasil,PARÁ,PRAINHA,Amazônia,15.0,0.26,0.97,-2.57443,-53.41504,81.7
2024/12/01 17:45:00,AQUA_M-T,Brasil,PARÁ,ORIXIMINÁ,Amazônia,5.0,0.0,0.42,-1.49586,-55.85414,44.2
2024/12/01 17:43:00,AQUA_M-T,Brasil,PARÁ,NOVO REPARTIMENTO,Amazônia,5.0,0.0,0.96,-4.55953,-50.62449,20.6
2024/12/01 17:45:00,AQUA_M-T,Brasil,PARÁ,GURUPÁ,Amazônia,6.0,0.7,0.92,-1.3632,-51.85927,49.5
2024/12/01 17:43:00,AQUA_M-T,Brasil,PARÁ,SENADOR JOSÉ PORFÍRIO,Amazônia,17.0,0.0,0.9,-3.68067,-51.70803,16.9
2024/12/01 17:43:00,AQUA_M-T,Brasil,PARÁ,TUCURUÍ,Amazônia,11.0,0.0,0.95,-3.86206,-49.95388,7.9
2024/12/01 17:43:00,AQUA_M-T,Brasil,PARÁ,OEIRAS DO PARÁ,Amazônia,4.0,1.79,0.28,-2.07104,-49.87884,6.3
2024/12/01 17:43:00,AQUA_M-T,Brasil,PARÁ,ANAPU,Amazônia,15.0,0.86,0.7,-2.90696,-51.58692,18.5
2024/12/01 17:45:00,AQUA_M-T,Brasil,PARÁ,PORTEL,Amazônia,5.0,2.87,0.31,-1.84913,-51.21086,29.3
2024/12/01 17:43:00,AQUA_M-T,Brasil,MARANHÃO,CIDELÂNDIA,Amazônia,3.0,0.0,0.78,-5.19398,-47.88314,6.2
2024/12/01 17:45:00,AQUA_M-T,Brasil,AMAPÁ,MAZAGÃO,Amazônia,-999.0,1.5,0.61,-0.14696,-51.3084,10.8
2024/12/01 17:43:00,AQUA_M-T,Brasil,MARANHÃO,PRESIDENTE MÉDICI,Amazônia,26.0,0.0,1.0,-2.26705,-45.69479,19.5
2024/12/01 17:43:00,AQUA_M-T,Brasil,PARÁ,ACARÁ,Amazônia,5.0,3.97,0.16,-2.07506,-48.38731,77.2
2024/12/01 17:43:00,AQUA_M-T,Brasil,MARANHÃO,SANTA LUZIA,Amazônia,6.0,2.67,0.92,-4.33035,-45.925,325.7
2024/12/01 17:43:00,AQUA_M-T,Brasil,PARÁ,PORTEL,Amazônia,7.0,0.0,0.83,-3.26103,-50.5745,14.0
2024/12/01 17:43:00,AQUA_M-T,Brasil,MARANHÃO,BOM JARDIM,Amazônia,6.0,0.6,0.98,-4.1435,-46.71405,8.8
2024/12/01 17:43:00,AQUA_M-T,Brasil,PARÁ,BAGRE,Amazônia,-999.0,1.58,0.58,-1.9897,-50.40084,15.7
2024/12/01 17:45:00,AQUA_M-T,Brasil,PARÁ,MELGAÇO,Amazônia,5.0,1.99,0.53,-1.81863,-50.80735,13.2
2024/12/01 17:43:00,AQUA_M-T,Brasil,PARÁ,NOVO REPARTIMENTO,Amazônia,6.0,0.1,1.0,-4.76626,-49.49935,11.5
2024/12/01 17:43:00,AQUA_M-T,Brasil,PARÁ,ANAPU,Amazônia,12.0,0.0,0.85,-3.62359,-51.54351,10.7
2024/12/01 17:43:00,AQUA_M-T,Brasil,MARANHÃO,ITAIPAVA DO GRAJAÚ,Amazônia,5.0,0.0,1.0,-5.11631,-45.76044,8.0
2024/12/01 17:43:00,AQUA_M-T,Brasil,PARÁ,MEDICILÂNDIA,Amazônia,15.0,0.0,1.0,-3.08887,-53.22633,25.3
2024/12/01 17:43:00,AQUA_M-T,Brasil,PARÁ,PACAJÁ,Amazônia,16.0,0.0,0.78,-3.18917,-51.22441,56.1
2024/12/01 17:43:00,AQUA_M-T,Brasil,MARANHÃO,PEDRO DO ROSÁRIO,Amazônia,24.0,0.0,1.0,-2.99495,-45.22892,18.3
2024/12/01 17:43:00,AQUA_M-T,Brasil,PARÁ,MEDICILÂNDIA,Amazônia,16.0,0.0,0.98,-3.2087,-53.12622,27.2
2024/12/01 17:43:00,AQUA_M-T,Brasil,PARÁ,PACAJÁ,Amazônia,5.0,0.0,0.85,-4.27088,-50.85624,52.1
2024/12/01 17:43:00,AQUA_M-T,Brasil,PARÁ,BAGRE,Amazônia,1.0,0.35,0.42,-2.12028,-50.34208,46.7
2024/12/01 17:43:00,AQUA_M-T,Brasil,PARÁ,URUARÁ,Amazônia,15.0,0.0,0.9,-4.19965,-53.92927,21.8
2024/12/01 17:43:00,AQUA_M-T,Brasil,PARÁ,ITUPIRANGA,Amazônia,10.0,0.0,1.0,-5.11677,-49.88739,127.9
2024/12/01 17:43:00,AQUA_M-T,Brasil,MARANHÃO,MONÇÃO,Amazônia,0.0,0.0,1.0,-3.54316,-45.31314,22.2
2024/12/01 17:43:00,AQUA_M-T,Brasil,PARÁ,SENADOR JOSÉ PORFÍRIO,Amazônia,19.0,0.0,0.93,-3.84821,-52.02557,23.0
2024/12/01 17:43:00,AQUA_M-T,Brasil,PARÁ,MOJU,Amazônia,6.0,0.0,0.32,-3.05114,-49.37493,16.4
2024/12/01 17:43:00,AQUA_M-T,Brasil,AMAZONAS,BARREIRINHA,Amazônia,5.0,0.0,0.35,-3.15518,-57.36438,79.4
2024/12/01 17:43:00,AQUA_M-T,Brasil,PARÁ,ITUPIRANGA,Amazônia,4.0,0.0,0.97,-5.00003,-50.03094,16.5
2024/12/01 17:43:00,AQUA_M-T,Brasil,PARÁ,MOJU,Amazônia,10.0,0.0,0.4,-3.19665,-49.2493,17.9
2024/12/01 17:43:00,AQUA_M-T,Brasil,PARÁ,PACAJÁ,Amazônia,15.0,0.0,1.0,-3.7899,-50.91769,21.3
2024/12/01 17:43:00,AQUA_M-T,Brasil,PARÁ,OEIRAS DO PARÁ,Amazônia,5.0,0.2,0.24,-2.52944,-49.79961,7.1
2024/12/01 17:43:00,AQUA_M-T,Brasil,PARÁ,PACAJÁ,Amazônia,15.0,0.0,0.98,-3.79128,-50.92726,20.3
2024/12/01 17:43:00,AQUA_M-T,Brasil,PARÁ,MOCAJUBA,Amazônia,5.0,0.85,0.27,-2.51769,-49.32856,18.4
2024/12/01 17:45:00,AQUA_M-T,Brasil,PARÁ,PORTO DE MOZ,Amazônia,14.0,1.3,0.97,-2.00374,-53.28926,8.7
2024/12/01 17:43:00,AQUA_M-T,Brasil,MARANHÃO,SANTA LUZIA,Amazônia,6.0,0.0,1.0,-4.61877,-45.93075,14.6
2024/12/01 17:43:00,AQUA_M-T,Brasil,PARÁ,PORTEL,Amazônia,6.0,0.0,0.77,-3.31513,-50.5046,7.7
2024/12/01 17:43:00,AQUA_M-T,Brasil,PARÁ,PACAJÁ,Amazônia,7.0,0.0,0.75,-3.3966,-50.23548,387.1
2024/12/01 17:43:00,AQUA_M-T,Brasil,PARÁ,MEDICILÂNDIA,Amazônia,16.0,0.0,1.0,-2.807,-53.04313,23.9
2024/12/01 17:43:00,AQUA_M-T,Brasil,PARÁ,URUARÁ,Amazônia,15.0,0.0,1.0,-3.25973,-53.62746,50.4
2024/12/01 17:43:00,AQUA_M-T,Brasil,MARANHÃO,TURILÂNDIA,Amazônia,18.0,0.0,1.0,-2.34673,-45.53442,15.9
2024/12/01 17:45:00,AQUA_M-T,Brasil,PARÁ,JURUTI,Amazônia,5.0,0.0,0.65,-2.24691,-55.87685,23.9
2024/12/01 17:45:00,AQUA_M-T,Brasil,AMAPÁ,PRACUÚBA,Amazônia,17.0,0.0,0.87,1.68189,-50.667,7.9
2024/12/01 17:43:00,AQUA_M-T,Brasil,PARÁ,PRAINHA,Amazônia,25.0,0.44,0.94,-2.45945,-53.63923,52.0
2024/12/01 17:43:00,AQUA_M-T,Brasil,PARÁ,IGARAPÉ-MIRI,Amazônia,2.0,7.63,0.05,-2.03709,-48.95395,11.0
2024/12/01 17:43:00,AQUA_M-T,Brasil,MARANHÃO,ZÉ DOCA,Amazônia,6.0,0.0,1.0,-3.29764,-45.65946,11.7
2024/12/01 17:43:00,AQUA_M-T,Brasil,PARÁ,VISEU,Amazônia,6.0,0.2,0.92,-1.81507,-46.64472,180.3
2024/12/01 17:43:00,AQUA_M-T,Brasil,MARANHÃO,BOM JARDIM,Amazônia,5.0,0.92,0.89,-3.9139,-46.57862,38.3
2024/12/01 17:43:00,AQUA_M-T,Brasil,PARÁ,NOVO REPARTIMENTO,Amazônia,5.0,0.0,1.0,-4.89564,-50.65819,28.9
2024/12/01 17:43:00,AQUA_M-T,Brasil,PARÁ,ITUPIRANGA,Amazônia,6.0,0.0,1.0,-5.21532,-50.11839,7.0
2024/12/01 17:45:00,AQUA_M-T,Brasil,PARÁ,GURUPÁ,Amazônia,6.0,0.7,0.99,-1.36467,-51.86926,10.9
2024/12/01 19:19:00,AQUA_M-T,Brasil,ACRE,RODRIGUES ALVES,Amazônia,0.0,0.0,0.05,-7.77237,-73.02036,7.6
2024/12/01 19:19:00,AQUA_M-T,Brasil,ACRE,BRASILÉIA,Amazônia,2.0,0.0,0.02,-10.84455,-69.56117,15.5
2024/12/01 19:19:00,AQUA_M-T,Brasil,ACRE,MÂNCIO LIMA,Amazônia,0.0,0.0,0.0,-7.64031,-73.13361,9.9
2024/12/02 16:43:00,AQUA_M-T,Brasil,MARANHÃO,GUIMARÃES,Amazônia,,,0.0,-2.10071,-44.5794,54.4
